institute_id,institute_name,original_city,original_state,review_source_url,first_party_source_url,address_evidence,proposed_lgd_district,lgd_district_id,resolution_status,unresolved_reason
721,Indian Institute of Technology Guwahati,Guwahati,Assam,https://www.iitg.ac.in,https://www.iitg.ac.in/medical/policy2024.pdf,"National Insurance policy schedule names Indian Institute of Technology Guwahati and gives City Guwahati, District Kamrup Metro, Assam, PIN 781039.",Kamrup Metro,618,resolved_explicit,
722,Indian Institute of Technology Bhubaneswar,Bhubaneswar,Odisha,https://www.iitbbs.ac.in,https://www.iitbbs.ac.in/index.php/home/how-to-reach-2/,"IIT Bhubaneswar says its permanent campus is at Argul near Jatani in Khordha district, Odisha; its address is Argul, Khordha, Odisha 752050.",Khordha,362,resolved_explicit,
723,Indian Institute of Technology Hyderabad,Hyderabad,Telangana,https://www.iith.ac.in,https://iith.ac.in/contact_us/,"IIT Hyderabad's contact page gives the campus address at Kandi, Sangareddy, Telangana 502284, but does not label Sangareddy as the administrative district; no city-to-district inference made.",,,unresolved,District is not explicitly named.
724,Indian Institute of Technology Patna,Patna,Bihar,https://www.iitp.ac.in,https://www.iitp.ac.in/images/pdf/EoI_IITPIWDEoI012023.pdf,"IIT Patna campus is stated to be at Block Bihta, District Patna, Bihar, PIN 801106.",Patna,212,resolved_explicit,
725,Indian Institute of Technology Gandhinagar,Gandhinagar,Gujarat,https://www.iitgn.ac.in,,,,,unresolved,No first-party or government source verified here explicitly naming the administrative district for the exact campus; city or postal address alone was not used to infer one.
726,Indian Institute of Technology Ropar,Rupnagar,Punjab,https://www.iitrpr.ac.in,https://www.iitrpr.ac.in/sites/default/files/rti%20replies%2003.2024.pdf,"IIT Ropar's official RTI reply identifies the institute as located in Rupnagar district, Punjab.",Rupnagar,42,resolved_explicit,
727,Indian Institute of Technology Mandi,Mandi,Himachal Pradesh,https://www.iitmandi.ac.in,https://sps.iitmandi.ac.in/campus.php,"IIT Mandi identifies its South campus near Kamand and North campus near Salgi in Mandi tehsil of district Mandi, Himachal Pradesh.",Mandi,22,resolved_explicit,
728,Indian Institute of Technology (Banaras Hindu University) Varanasi,Varanasi,Uttar Pradesh,https://www.iitbhu.ac.in,,,,,unresolved,No first-party or government source verified here explicitly naming the administrative district for the exact campus; city or postal address alone was not used to infer one.
729,Indian Institute of Technology Palakkad,Palakkad,Kerala,https://iitpkd.ac.in,https://iitpkd.ac.in/sites/default/files/2023-07/WEBBrochure2023.pdf ; https://iitpkd.ac.in/faqs-btechfreshers,IIT Palakkad's official brochure identifies its permanent campus in Palakkad district; the institute FAQ states it has fully moved to its permanent Kanjikode campus.,Palakkad,563,resolved_explicit,
730,Indian Institute of Technology Tirupati,Tirupati,Andhra Pradesh,https://www.iittp.ac.in,https://www.iittp.ac.in/contact-iit,"IIT Tirupati's official contact address names Yerpedu Post, Tirupati District, Andhra Pradesh, PIN 517619.",Tirupati,752,resolved_explicit,
731,Indian Institute of Technology Bhilai,Durg,Chhattisgarh,https://www.iitbhilai.ac.in,https://iitbhilai.ac.in/index.php?pid=aca_ourcampus,"IIT Bhilai identifies its permanent campus at Kutelabhata village, District Durg, Chhattisgarh.",Durg,378,resolved_explicit,
732,Indian Institute of Technology Goa,Ponda,Goa,https://www.iitgoa.ac.in,,,,,unresolved,No first-party or government source verified here explicitly naming the administrative district for the exact campus; city or postal address alone was not used to infer one.
733,Indian Institute of Technology Jammu,Jammu,Jammu and Kashmir,https://www.iitjammu.ac.in,,,,,unresolved,No first-party or government source verified here explicitly naming the administrative district for the exact campus; city or postal address alone was not used to infer one.
734,Indian Institute of Technology Dharwad,Dharwad,Karnataka,https://www.iitdh.ac.in,,,,,unresolved,No first-party or government source verified here explicitly naming the administrative district for the exact campus; city or postal address alone was not used to infer one.
735,Indian Institute of Management Mumbai,Mumbai,Maharashtra,https://www.iimmumbai.ac.in,,,,,unresolved,No first-party or government source verified here explicitly naming the administrative district for the exact campus; city or postal address alone was not used to infer one.
736,Indian Institute of Management Raipur,Raipur,Chhattisgarh,https://www.iimraipur.ac.in,,,,,unresolved,No first-party or government source verified here explicitly naming the administrative district for the exact campus; city or postal address alone was not used to infer one.
737,Indian Institute of Management Rohtak,Rohtak,Haryana,https://www.iimrohtak.ac.in,,,,,unresolved,No first-party or government source verified here explicitly naming the administrative district for the exact campus; city or postal address alone was not used to infer one.
738,Indian Institute of Management Kashipur,Kashipur,Uttarakhand,https://www.iimkashipur.ac.in,https://www.iimkashipur.ac.in/contact-us,"IIM Kashipur lists its Main Campus at Kundeshwari, Kashipur, District Udham Singh Nagar, Uttarakhand 244713.",Udham Singh Nagar,56,resolved_explicit,
739,Indian Institute of Management Visakhapatnam,Visakhapatnam,Andhra Pradesh,https://www.iimv.ac.in,https://iimv.ac.in/donation,"IIM Visakhapatnam's contact address is Gambheeram Village, Anandapuram Mandal, Visakhapatnam District, Andhra Pradesh 531163.",Visakhapatnam,520,resolved_explicit,
740,Indian Institute of Management Bodh Gaya,Gaya,Bihar,https://www.iimbg.ac.in,https://iimbg.ac.in/wp-content/uploads/2022/02/NIT-for-Providing-Apartment-on-Rent-to-IIM-Bodh-Gaya-as-Staff-Residential-Complex-at-Bodh-Gaya-2.pdf,"IIM Bodh Gaya tender address names Uruvela, Prabandh Vihar, Bodh Gaya, District Gaya, Bihar 824234.",Gaya,196,resolved_explicit,
741,Indian Institute of Management Jammu,Jammu,Jammu and Kashmir,https://www.iimj.ac.in,https://www.iimj.ac.in/how-reach.php,"IIM Jammu's how-to-reach page says Jagti, the main-campus location, is in Jammu tehsil of Jammu district.",Jammu,5,resolved_explicit,
742,Indian Institute of Management Sambalpur,Sambalpur,Odisha,https://www.iimsambalpur.ac.in,https://iimsambalpur.ac.in/wp-content/uploads/2025/08/Tender%20for%20the%20Selection%20of%20PMC%20for%20IIM%20Sambalpur%20Phase-II%20Work.pdf,IIM Sambalpur identifies its permanent campus land at Basantpur village in Sambalpur District and states it has operated fully at that campus since the 2023-25 batch.,Sambalpur,371,resolved_explicit,
743,Indian Institute of Management Shillong,Shillong,Meghalaya,https://www.iimshillong.ac.in,https://www.iimshillong.ac.in/contact/,"IIM Shillong's contact address is Umsawli, Shillong, East Khasi Hills District, Meghalaya 793018.",East Khasi Hills,274,resolved_explicit,
744,Indian Institute of Management Sirmaur,Sirmaur,Himachal Pradesh,https://www.iimsirmaur.ac.in,https://iimsirmaur.ac.in/iim-sirmaur-campus-0,"IIM Sirmaur identifies its permanent campus at Dhaula Kuan in Sirmaur district, Himachal Pradesh.",Sirmaur,24,resolved_explicit,
745,Indian Institute of Management Amritsar,Amritsar,Punjab,https://www.iimamritsar.ac.in,,,,,unresolved,No first-party or government source verified here explicitly naming the administrative district for the exact campus; city or postal address alone was not used to infer one.
746,Indian Institute of Management Guwahati,Guwahati,Assam,,,,,,unresolved,No first-party or government source verified here explicitly naming the administrative district for the exact campus; city or postal address alone was not used to infer one.
747,All India Institute of Medical Sciences Bhopal,Bhopal,Madhya Pradesh,https://www.aiimsbhopal.edu.in,,,,,unresolved,No first-party or government source verified here explicitly naming the administrative district for the exact campus; city or postal address alone was not used to infer one.
748,All India Institute of Medical Sciences Bhubaneswar,Khordha,Odisha,https://aiimsbhubaneswar.nic.in,,,,,unresolved,No first-party or government source verified here explicitly naming the administrative district for the exact campus; city or postal address alone was not used to infer one.
749,All India Institute of Medical Sciences Patna,Patna,Bihar,https://aiimspatna.edu.in,,,,,unresolved,No first-party or government source verified here explicitly naming the administrative district for the exact campus; city or postal address alone was not used to infer one.
750,All India Institute of Medical Sciences Raipur,Raipur,Chhattisgarh,https://aiimsraipur.edu.in,,,,,unresolved,No first-party or government source verified here explicitly naming the administrative district for the exact campus; city or postal address alone was not used to infer one.
751,All India Institute of Medical Sciences Rishikesh,Rishikesh,Uttarakhand,https://aiimsrishikesh.edu.in,,,,,unresolved,No first-party or government source verified here explicitly naming the administrative district for the exact campus; city or postal address alone was not used to infer one.
752,All India Institute of Medical Sciences Mangalagiri,Mangalagiri,Andhra Pradesh,https://www.aiimsmangalagiri.edu.in,,,,,unresolved,No first-party or government source verified here explicitly naming the administrative district for the exact campus; city or postal address alone was not used to infer one.
753,All India Institute of Medical Sciences Guwahati,Guwahati,Assam,https://aiimsguwahati.ac.in,https://www.aiimsguwahati.ac.in/page/about,"AIIMS Guwahati says its main campus is at Changsari, Kamrup (Rural) District, Assam; the current LGD master has no exact Kamrup (Rural) district entry, so no alias to Kamrup was applied.",,,unresolved,"the current LGD master has no exact Kamrup (Rural) district entry, so no alias to Kamrup was applied."
755,All India Institute of Medical Sciences Rajkot,Rajkot,Gujarat,https://www.aiimsrajkot.edu.in,https://recruite.aiimsrajkot.edu.in/upload/Revised%20Group%20A%20NF%20Recruitment%20notification%20advertisement.pdf,"AIIMS Rajkot recruitment notice gives the permanent campus address at V.P.O. Khanderi, Rajkot District, Gujarat 360110.",Rajkot,457,resolved_explicit,
757,All India Institute of Medical Sciences Bilaspur,Bilaspur,Himachal Pradesh,https://www.aiimsbilaspur.edu.in,,,,,unresolved,No first-party or government source verified here explicitly naming the administrative district for the exact campus; city or postal address alone was not used to infer one.
758,All India Institute of Medical Sciences Jammu,Vijaypur,Jammu and Kashmir,https://www.aiimsjammu.edu.in,https://www.aiimsjammu.edu.in/social-events/,AIIMS Jammu's official page describes the institute at Vijaypur in Samba district.,Samba,624,resolved_explicit,
760,All India Institute of Medical Sciences Deoghar,Deoghar,Jharkhand,https://www.aiimsdeoghar.edu.in,,,,,unresolved,No first-party or government source verified here explicitly naming the administrative district for the exact campus; city or postal address alone was not used to infer one.
761,All India Institute of Medical Sciences Nagpur,Nagpur,Maharashtra,https://www.aiimsnagpur.edu.in,https://aiimsnagpur.edu.in/writereaddata/AIIMS/files/167653291763eddcb504fcfBMW_Annual_Return_2022.pdf,"AIIMS Nagpur's official facility annual return gives the facility address at MIHAN, Nagpur and explicitly lists District Nagpur, Maharashtra, PIN 441108.",Nagpur,484,resolved_explicit,
762,All India Institute of Medical Sciences Bathinda,Bathinda,Punjab,https://www.aiimsbathinda.edu.in,,,,,unresolved,No first-party or government source verified here explicitly naming the administrative district for the exact campus; city or postal address alone was not used to infer one.
763,All India Institute of Medical Sciences Madurai,Madurai,Tamil Nadu,https://www.aiimsmadurai.edu.in,,,,,unresolved,No first-party or government source verified here explicitly naming the administrative district for the exact campus; city or postal address alone was not used to infer one.
764,All India Institute of Medical Sciences Bibinagar,Bibinagar,Telangana,https://aiimsbibinagar.edu.in,,,,,unresolved,No first-party or government source verified here explicitly naming the administrative district for the exact campus; city or postal address alone was not used to infer one.
765,All India Institute of Medical Sciences Gorakhpur,Gorakhpur,Uttar Pradesh,https://aiimsgorakhpur.edu.in,,,,,unresolved,No first-party or government source verified here explicitly naming the administrative district for the exact campus; city or postal address alone was not used to infer one.
766,All India Institute of Medical Sciences Kalyani,Kalyani,West Bengal,https://www.aiimskalyani.edu.in,,,,,unresolved,No first-party or government source verified here explicitly naming the administrative district for the exact campus; city or postal address alone was not used to infer one.
767,Indian Institute of Science Education and Research Kolkata,Mohanpur,West Bengal,https://www.iiserkol.ac.in,https://www.iiserkol.ac.in/rtiqa/pdf/2023-24-1st-Quater.pdf,"IISER Kolkata's official RTI response states that its campus is situated in Nadia district, West Bengal.",Nadia,320,resolved_explicit,
768,Indian Institute of Science Education and Research Pune,Pune,Maharashtra,https://www.iiserpune.ac.in,,,,,unresolved,No first-party or government source verified here explicitly naming the administrative district for the exact campus; city or postal address alone was not used to infer one.
769,Indian Institute of Science Education and Research Mohali,Mohali,Punjab,https://www.iisermohali.ac.in,,,,,unresolved,No first-party or government source verified here explicitly naming the administrative district for the exact campus; city or postal address alone was not used to infer one.
770,Indian Institute of Science Education and Research Thiruvananthapuram,Thiruvananthapuram,Kerala,https://www.iisertvm.ac.in,https://conference.iisertvm.ac.in/cnsd2026/venue/,"IISER TVM's institute-hosted conference venue page identifies the IISER campus at Vithura village in Thiruvananthapuram district, Kerala.",Thiruvananthapuram,565,resolved_explicit,
771,Indian Institute of Science Education and Research Tirupati,Tirupati,Andhra Pradesh,https://www.iisertirupati.ac.in,https://www.iisertirupati.ac.in/wp-content/uploads/2026/05/NOTICE-and-Instructions-to-all-candidates-Advt-24-2025.pdf,"IISER Tirupati's official examination notice gives the campus venue at Srinivasapuram-Jangalapalli, Yerpedu Mandal, Tirupati District, Andhra Pradesh.",Tirupati,752,resolved_explicit,
772,Indian Institute of Science Education and Research Berhampur,Berhampur,Odisha,https://www.iiserbpr.ac.in,https://www.iiserbpr.ac.in/contact_us,"IISER Berhampur lists its Permanent Campus at Laudigam, Konisi, District Ganjam, Odisha 760003.",Ganjam,354,resolved_explicit,
773,National Institute of Science Education and Research,Jatni,Odisha,https://www.niser.ac.in,https://www.niser.ac.in/content/vol-disc,"NISER's official disclosure lists the Jatni Campus, PO Bhimpur-Padanpur, via Jatni, District Khordha, Odisha 752050.",Khordha,362,resolved_explicit,
774,National Institute of Pharmaceutical Education and Research Ahmedabad,Gandhinagar,Gujarat,https://niperahm.ac.in,,,,,unresolved,No first-party or government source verified here explicitly naming the administrative district for the exact campus; city or postal address alone was not used to infer one.
775,National Institute of Pharmaceutical Education and Research Hyderabad,Hyderabad,Telangana,https://www.niperhyd.ac.in,,,,,unresolved,No first-party or government source verified here explicitly naming the administrative district for the exact campus; city or postal address alone was not used to infer one.
776,National Institute of Pharmaceutical Education and Research Kolkata,Kolkata,West Bengal,https://niperkolkata.edu.in,,,,,unresolved,No first-party or government source verified here explicitly naming the administrative district for the exact campus; city or postal address alone was not used to infer one.
777,National Institute of Pharmaceutical Education and Research Guwahati,Guwahati,Assam,https://www.niperguwahati.ac.in,https://www.niper.gov.in/niperjee2026/include/Masters_Brochure.pdf,"NIPER Guwahati's official brochure places its permanent campus at Changsari, District Kamrup, Assam.",Kamrup,291,resolved_explicit,
778,National Institute of Pharmaceutical Education and Research Raebareli,Lucknow,Uttar Pradesh,https://www.niperraebareli.edu.in,,,,,unresolved,No first-party or government source verified here explicitly naming the administrative district for the exact campus; city or postal address alone was not used to infer one.
779,National Institute of Pharmaceutical Education and Research Hajipur,Hajipur,Bihar,https://niperhajipur.ac.in,,,,,unresolved,No first-party or government source verified here explicitly naming the administrative district for the exact campus; city or postal address alone was not used to infer one.
780,National Institute of Design Andhra Pradesh,Amaravati,Andhra Pradesh,https://nid.ac.in,,,,,unresolved,No first-party or government source verified here explicitly naming the administrative district for the exact campus; city or postal address alone was not used to infer one.
781,National Institute of Design Madhya Pradesh,Bhopal,Madhya Pradesh,https://nidmp.ac.in,,,,,unresolved,No first-party or government source verified here explicitly naming the administrative district for the exact campus; city or postal address alone was not used to infer one.
782,National Institute of Design Assam,Jorhat,Assam,https://nidj.ac.in,,,,,unresolved,No first-party or government source verified here explicitly naming the administrative district for the exact campus; city or postal address alone was not used to infer one.
783,National Institute of Food Technology Entrepreneurship and Management Thanjavur,Thanjavur,Tamil Nadu,https://www.niftem-t.ac.in,,,,,unresolved,No first-party or government source verified here explicitly naming the administrative district for the exact campus; city or postal address alone was not used to infer one.
784,Institute of Teaching and Research in Ayurveda,Jamnagar,Gujarat,https://www.itra.edu.in,,,,,unresolved,No first-party or government source verified here explicitly naming the administrative district for the exact campus; city or postal address alone was not used to infer one.
785,Rashtriya Raksha University,Gandhinagar,Gujarat,https://www.rru.ac.in,,,,,unresolved,No first-party or government source verified here explicitly naming the administrative district for the exact campus; city or postal address alone was not used to infer one.
786,National Institute of Technology Agartala,Agartala,Tripura,https://www.nita.ac.in,https://nita.ac.in/Department/Department_FacultyProfile.aspx?nDeptID=caasc&nID=cagec,"NIT Agartala's official faculty address identifies the institute address at Barjala, Jirania, West Tripura District, Tripura, PIN 799046.",West Tripura,272,resolved_explicit,
787,National Institute of Technology Mizoram,Aizawl,Mizoram,https://www.nitmz.ac.in,,,,,unresolved,No first-party or government source verified here explicitly naming the administrative district for the exact campus; city or postal address alone was not used to infer one.
788,Motilal Nehru National Institute of Technology Allahabad,Prayagraj,Uttar Pradesh,https://www.mnnit.ac.in,,,,,unresolved,No first-party or government source verified here explicitly naming the administrative district for the exact campus; city or postal address alone was not used to infer one.
789,National Institute of Technology Delhi,Delhi,Delhi,https://nitdelhi.ac.in,,,,,unresolved,No first-party or government source verified here explicitly naming the administrative district for the exact campus; city or postal address alone was not used to infer one.
790,National Institute of Technology Nagaland,Dimapur,Nagaland,https://www.nitnagaland.ac.in,https://www.nitnagaland.ac.in/index.php/facilities/post-office,"NIT Nagaland office postal address names Chumukedima post office and Chumukedima-District, Nagaland 797103; the LGD master spells the district Chumoukedima, and no official crosswalk was verified.",,,unresolved,"Official district spelling does not exactly match the LGD master, and no government crosswalk was verified."
791,National Institute of Technology Durgapur,Durgapur,West Bengal,https://nitdgp.ac.in,https://nitdgp.ac.in/uploads/old/information/tender/2020/edited_pharmacy_eoi_1_1.pdf,"NIT Durgapur's official tender mailing address is Durgapur 713209, District Paschim Bardhaman, West Bengal.",Paschim Bardhaman,704,resolved_explicit,
792,National Institute of Technology Uttarakhand,Srinagar (Garhwal),Uttarakhand,https://www.nituk.ac.in,https://www.nituk.ac.in/uploads/topics/17026476225500.pdf,"NIT Uttarakhand's official notice identifies its Srinagar Campus at Srinagar (Garhwal), District Pauri Garhwal, Uttarakhand.",Pauri Garhwal,52,resolved_explicit,
793,National Institute of Technology Goa,Cuncolim,Goa,https://www.nitgoa.ac.in,,,,,unresolved,No first-party or government source verified here explicitly naming the administrative district for the exact campus; city or postal address alone was not used to infer one.
794,National Institute of Technology Hamirpur,Hamirpur,Himachal Pradesh,https://www.nith.ac.in,https://nith.ac.in/index.php/connectivity,"NIT Hamirpur's official connectivity page identifies its campus at Anu in Hamirpur district, Himachal Pradesh.",Hamirpur,17,resolved_explicit,
795,National Institute of Technology Manipur,Imphal,Manipur,https://nitmanipur.ac.in,https://nitmanipur.ac.in/DisplayPage.aspx?page=ckaeeq,"NIT Manipur's FAQ locates the institute at Langol, Imphal West District, PO Lamphelpat 795004.",Imphal West,256,resolved_explicit,
796,Dr B R Ambedkar National Institute of Technology Jalandhar,Jalandhar,Punjab,https://www.nitj.ac.in,,,,,unresolved,No first-party or government source verified here explicitly naming the administrative district for the exact campus; city or postal address alone was not used to infer one.
797,National Institute of Technology Jamshedpur,Jamshedpur,Jharkhand,https://nitjsr.ac.in,https://nitjsr.ac.in/backend/uploads/recruitments/aaaa2d5d-8e50-49e1-92ee-b2766fb26965-Date%20for%20Physical%20Reporting%20for%20UG%20Admissions%20August%2016-19%2C%202023.pdf,"NIT Jamshedpur's official admission notice gives its address as PO NIT Jamshedpur, Adityapur, District Saraikela Kharsawan 831014, Jharkhand.",Saraikela Kharsawan,341,resolved_explicit,
798,National Institute of Technology Puducherry,Karaikal,Puducherry,https://nitpy.ac.in,,,,,unresolved,No first-party or government source verified here explicitly naming the administrative district for the exact campus; city or postal address alone was not used to infer one.
799,National Institute of Technology Kurukshetra,Kurukshetra,Haryana,https://www.nitkkr.ac.in,,,,,unresolved,No first-party or government source verified here explicitly naming the administrative district for the exact campus; city or postal address alone was not used to infer one.
800,Visvesvaraya National Institute of Technology Nagpur,Nagpur,Maharashtra,https://www.vnit.ac.in,,,,,unresolved,No first-party or government source verified here explicitly naming the administrative district for the exact campus; city or postal address alone was not used to infer one.
801,National Institute of Technology Patna,Patna,Bihar,https://www.nitp.ac.in,,,,,unresolved,No first-party or government source verified here explicitly naming the administrative district for the exact campus; city or postal address alone was not used to infer one.
802,National Institute of Technology Raipur,Raipur,Chhattisgarh,https://www.nitrr.ac.in,,,,,unresolved,No first-party or government source verified here explicitly naming the administrative district for the exact campus; city or postal address alone was not used to infer one.
803,National Institute of Technology Rourkela,Rourkela,Odisha,https://www.nitrkl.ac.in,,,,,unresolved,No first-party or government source verified here explicitly naming the administrative district for the exact campus; city or postal address alone was not used to infer one.
804,National Institute of Technology Meghalaya,Shillong,Meghalaya,https://www.nitm.ac.in,https://nitm.ac.in/,"NIT Meghalaya's official contact address is Saitsohpen, Sohra, East Khasi Hills District, Meghalaya 793108.",East Khasi Hills,274,resolved_explicit,
805,National Institute of Technology Silchar,Silchar,Assam,https://www.nits.ac.in,https://old.nits.ac.in/tnp/reach-us,"NIT Silchar's official placement page gives the institute address in Silchar, District Cachar, Assam, PIN 788010.",Cachar,282,resolved_explicit,
806,National Institute of Technology Sikkim,Ravangla,Sikkim,https://www.nitsikkim.ac.in,,,,,unresolved,No first-party or government source verified here explicitly naming the administrative district for the exact campus; city or postal address alone was not used to infer one.
807,National Institute of Technology Srinagar,Srinagar,Jammu and Kashmir,https://nitsri.ac.in,,,,,unresolved,No first-party or government source verified here explicitly naming the administrative district for the exact campus; city or postal address alone was not used to infer one.
808,Sardar Vallabhbhai National Institute of Technology Surat,Surat,Gujarat,https://www.svnit.ac.in,,,,,unresolved,No first-party or government source verified here explicitly naming the administrative district for the exact campus; city or postal address alone was not used to infer one.
809,National Institute of Technology Andhra Pradesh,Tadepalligudem,Andhra Pradesh,https://www.nitandhra.ac.in,,,,,unresolved,No first-party or government source verified here explicitly naming the administrative district for the exact campus; city or postal address alone was not used to infer one.
810,National Institute of Technology Arunachal Pradesh,Itanagar,Arunachal Pradesh,https://www.nitap.ac.in,https://www.nitap.ac.in/storage/pdf/ff786a1219989d0da443b02ce11fe06b-03-15-33radesh.pdf,"NIT Arunachal Pradesh's official brochure identifies its permanent campus at Jote in Papum Pare district, Arunachal Pradesh.",Papum Pare,237,resolved_explicit,
811,Indian Institute of Engineering Science and Technology Shibpur,Howrah,West Bengal,https://www.iiests.ac.in,,,,,unresolved,No first-party or government source verified here explicitly naming the administrative district for the exact campus; city or postal address alone was not used to infer one.
812,Indian Institute of Information Technology Allahabad,Prayagraj,Uttar Pradesh,https://www.iiita.ac.in,,,,,unresolved,No first-party or government source verified here explicitly naming the administrative district for the exact campus; city or postal address alone was not used to infer one.
813,Pandit Dwarka Prasad Mishra Indian Institute of Information Technology Design and Manufacturing Jabalpur,Jabalpur,Madhya Pradesh,https://www.iiitdmj.ac.in,,,,,unresolved,No first-party or government source verified here explicitly naming the administrative district for the exact campus; city or postal address alone was not used to infer one.
814,Indian Institute of Information Technology Design and Manufacturing Kancheepuram,Chennai,Tamil Nadu,https://www.iiitdm.ac.in,,,,,unresolved,No first-party or government source verified here explicitly naming the administrative district for the exact campus; city or postal address alone was not used to infer one.
815,Indian Institute of Information Technology Design and Manufacturing Kurnool,Kurnool,Andhra Pradesh,https://iiitk.ac.in,,,,,unresolved,No first-party or government source verified here explicitly naming the administrative district for the exact campus; city or postal address alone was not used to infer one.
816,Indian Institute of Information Technology Sri City,Sri City,Andhra Pradesh,https://iiits.ac.in,,,,,unresolved,No first-party or government source verified here explicitly naming the administrative district for the exact campus; city or postal address alone was not used to infer one.
817,Indian Institute of Information Technology Guwahati,Guwahati,Assam,https://www.iiitg.ac.in,,,,,unresolved,No first-party or government source verified here explicitly naming the administrative district for the exact campus; city or postal address alone was not used to infer one.
818,Indian Institute of Information Technology Vadodara,Vadodara,Gujarat,https://iiitvadodara.ac.in,,,,,unresolved,No first-party or government source verified here explicitly naming the administrative district for the exact campus; city or postal address alone was not used to infer one.
819,Indian Institute of Information Technology Sonepat,Sonepat,Haryana,https://www.iiitsonepat.ac.in,,,,,unresolved,No first-party or government source verified here explicitly naming the administrative district for the exact campus; city or postal address alone was not used to infer one.
820,Indian Institute of Information Technology Una,Una,Himachal Pradesh,https://www.iiitu.ac.in,,,,,unresolved,No first-party or government source verified here explicitly naming the administrative district for the exact campus; city or postal address alone was not used to infer one.
821,Indian Institute of Information Technology Ranchi,Ranchi,Jharkhand,https://www.iiitranchi.ac.in,,,,,unresolved,No first-party or government source verified here explicitly naming the administrative district for the exact campus; city or postal address alone was not used to infer one.
822,Indian Institute of Information Technology Dharwad,Dharwad,Karnataka,https://www.iiitdwd.ac.in,,,,,unresolved,No first-party or government source verified here explicitly naming the administrative district for the exact campus; city or postal address alone was not used to infer one.
823,Indian Institute of Information Technology Kottayam,Kottayam,Kerala,https://www.iiitkottayam.ac.in,,,,,unresolved,No first-party or government source verified here explicitly naming the administrative district for the exact campus; city or postal address alone was not used to infer one.
824,Indian Institute of Information Technology Nagpur,Nagpur,Maharashtra,https://www.iiitn.ac.in,,,,,unresolved,No first-party or government source verified here explicitly naming the administrative district for the exact campus; city or postal address alone was not used to infer one.
825,Indian Institute of Information Technology Pune,Pune,Maharashtra,https://www.iiitp.ac.in,,,,,unresolved,No first-party or government source verified here explicitly naming the administrative district for the exact campus; city or postal address alone was not used to infer one.
826,Indian Institute of Information Technology Senapati Manipur,Senapati,Manipur,https://www.iiitmanipur.ac.in,,,,,unresolved,No first-party or government source verified here explicitly naming the administrative district for the exact campus; city or postal address alone was not used to infer one.
827,Indian Institute of Information Technology Tiruchirappalli,Tiruchirappalli,Tamil Nadu,https://www.iiitt.ac.in,,,,,unresolved,No first-party or government source verified here explicitly naming the administrative district for the exact campus; city or postal address alone was not used to infer one.
828,Indian Institute of Information Technology Lucknow,Lucknow,Uttar Pradesh,https://iiitl.ac.in,,,,,unresolved,No first-party or government source verified here explicitly naming the administrative district for the exact campus; city or postal address alone was not used to infer one.
829,Indian Institute of Information Technology Kalyani,Kalyani,West Bengal,https://iiitkalyani.ac.in,,,,,unresolved,No first-party or government source verified here explicitly naming the administrative district for the exact campus; city or postal address alone was not used to infer one.
830,Indian Institute of Information Technology Bhagalpur,Bhagalpur,Bihar,https://www.iiitbh.ac.in,,,,,unresolved,No first-party or government source verified here explicitly naming the administrative district for the exact campus; city or postal address alone was not used to infer one.
831,Indian Institute of Information Technology Surat,Surat,Gujarat,https://www.iiitsurat.ac.in,,,,,unresolved,No first-party or government source verified here explicitly naming the administrative district for the exact campus; city or postal address alone was not used to infer one.
832,Indian Institute of Information Technology Raichur,Raichur,Karnataka,https://iiitr.ac.in,,,,,unresolved,No first-party or government source verified here explicitly naming the administrative district for the exact campus; city or postal address alone was not used to infer one.
833,Indian Institute of Information Technology Bhopal,Bhopal,Madhya Pradesh,https://www.iiitbhopal.ac.in,,,,,unresolved,No first-party or government source verified here explicitly naming the administrative district for the exact campus; city or postal address alone was not used to infer one.
834,Indian Institute of Information Technology Agartala,Agartala,Tripura,https://iiitagartala.ac.in,,,,,unresolved,No first-party or government source verified here explicitly naming the administrative district for the exact campus; city or postal address alone was not used to infer one.
835,Assam University,Silchar,Assam,http://www.aus.ac.in,,,,,unresolved,No first-party or government source verified here explicitly naming the administrative district for the exact campus; city or postal address alone was not used to infer one.
836,Babasaheb Bhimrao Ambedkar University,Lucknow,Uttar Pradesh,http://www.bbau.ac.in,,,,,unresolved,No first-party or government source verified here explicitly naming the administrative district for the exact campus; city or postal address alone was not used to infer one.
837,Central Agricultural University,Imphal,Manipur,https://cau.ac.in,,,,,unresolved,No first-party or government source verified here explicitly naming the administrative district for the exact campus; city or postal address alone was not used to infer one.
838,Central Sanskrit University,New Delhi,Delhi,http://www.sanskrit.nic.in,,,,,unresolved,No first-party or government source verified here explicitly naming the administrative district for the exact campus; city or postal address alone was not used to infer one.
839,Central Tribal University of Andhra Pradesh,Vizianagaram,Andhra Pradesh,https://www.ctuap.ac.in,,,,,unresolved,No first-party or government source verified here explicitly naming the administrative district for the exact campus; city or postal address alone was not used to infer one.
840,Central University of Andhra Pradesh,Anantapur,Andhra Pradesh,https://cuap.ac.in,,,,,unresolved,No first-party or government source verified here explicitly naming the administrative district for the exact campus; city or postal address alone was not used to infer one.
841,Central University of Gujarat,Gandhinagar,Gujarat,https://www.cug.ac.in,,,,,unresolved,No first-party or government source verified here explicitly naming the administrative district for the exact campus; city or postal address alone was not used to infer one.
842,Central University of Haryana,Mahendergarh,Haryana,http://www.cuh.ac.in,,,,,unresolved,No first-party or government source verified here explicitly naming the administrative district for the exact campus; city or postal address alone was not used to infer one.
843,Central University of Himachal Pradesh,Dharamshala,Himachal Pradesh,http://www.cuhimachal.ac.in,,,,,unresolved,No first-party or government source verified here explicitly naming the administrative district for the exact campus; city or postal address alone was not used to infer one.
844,Central University of Jammu,Samba,Jammu and Kashmir,http://www.cujammu.ac.in,,,,,unresolved,No first-party or government source verified here explicitly naming the administrative district for the exact campus; city or postal address alone was not used to infer one.
845,Central University of Jharkhand,Ranchi,Jharkhand,http://www.cuj.ac.in,,,,,unresolved,No first-party or government source verified here explicitly naming the administrative district for the exact campus; city or postal address alone was not used to infer one.
846,Central University of Karnataka,Kalaburagi,Karnataka,http://www.cuk.ac.in,,,,,unresolved,No first-party or government source verified here explicitly naming the administrative district for the exact campus; city or postal address alone was not used to infer one.
847,Central University of Kashmir,Ganderbal,Jammu and Kashmir,http://www.cukashmir.ac.in,,,,,unresolved,No first-party or government source verified here explicitly naming the administrative district for the exact campus; city or postal address alone was not used to infer one.
848,Central University of Kerala,Kasaragod,Kerala,https://www.cukerala.ac.in,,,,,unresolved,No first-party or government source verified here explicitly naming the administrative district for the exact campus; city or postal address alone was not used to infer one.
849,Central University of Odisha,Koraput,Odisha,http://cuo.ac.in,,,,,unresolved,No first-party or government source verified here explicitly naming the administrative district for the exact campus; city or postal address alone was not used to infer one.
850,Central University of Punjab,Bathinda,Punjab,http://www.cup.ac.in,,,,,unresolved,No first-party or government source verified here explicitly naming the administrative district for the exact campus; city or postal address alone was not used to infer one.
851,Central University of South Bihar,Gaya,Bihar,https://www.cusb.ac.in,,,,,unresolved,No first-party or government source verified here explicitly naming the administrative district for the exact campus; city or postal address alone was not used to infer one.
852,Central University of Tamil Nadu,Tiruvarur,Tamil Nadu,https://cutn.ac.in,,,,,unresolved,No first-party or government source verified here explicitly naming the administrative district for the exact campus; city or postal address alone was not used to infer one.
853,Dr. Harisingh Gour Vishwavidyalaya,Sagar,Madhya Pradesh,https://dhsgsu.edu.in,,,,,unresolved,No first-party or government source verified here explicitly naming the administrative district for the exact campus; city or postal address alone was not used to infer one.
854,Dr. Rajendra Prasad Central Agricultural University,Pusa,Bihar,https://www.rpcau.ac.in,,,,,unresolved,No first-party or government source verified here explicitly naming the administrative district for the exact campus; city or postal address alone was not used to infer one.
855,Gati Shakti Vishwavidyalaya,Vadodara,Gujarat,https://gsv.ac.in,,,,,unresolved,No first-party or government source verified here explicitly naming the administrative district for the exact campus; city or postal address alone was not used to infer one.
856,Guru Ghasidas Vishwavidyalaya,Bilaspur,Chhattisgarh,http://www.ggu.ac.in,,,,,unresolved,No first-party or government source verified here explicitly naming the administrative district for the exact campus; city or postal address alone was not used to infer one.
857,Hemvati Nandan Bahuguna Garhwal University,Srinagar (Garhwal),Uttarakhand,http://www.hnbgu.ac.in,,,,,unresolved,No first-party or government source verified here explicitly naming the administrative district for the exact campus; city or postal address alone was not used to infer one.
858,Indira Gandhi National Open University,New Delhi,Delhi,http://www.ignou.ac.in,,,,,unresolved,No first-party or government source verified here explicitly naming the administrative district for the exact campus; city or postal address alone was not used to infer one.
859,Jawaharlal Nehru University,New Delhi,Delhi,http://www.jnu.ac.in,,,,,unresolved,No first-party or government source verified here explicitly naming the administrative district for the exact campus; city or postal address alone was not used to infer one.
860,Mahatma Gandhi Central University,Motihari,Bihar,http://www.mgcub.ac.in,,,,,unresolved,No first-party or government source verified here explicitly naming the administrative district for the exact campus; city or postal address alone was not used to infer one.
861,Manipur University,Imphal,Manipur,https://www.manipuruniv.ac.in,,,,,unresolved,No first-party or government source verified here explicitly naming the administrative district for the exact campus; city or postal address alone was not used to infer one.
862,Maulana Azad National Urdu University,Hyderabad,Telangana,https://manuu.edu.in,,,,,unresolved,No first-party or government source verified here explicitly naming the administrative district for the exact campus; city or postal address alone was not used to infer one.
863,Mizoram University,Aizawl,Mizoram,https://mzu.edu.in,,,,,unresolved,No first-party or government source verified here explicitly naming the administrative district for the exact campus; city or postal address alone was not used to infer one.
864,Nagaland University,Lumami,Nagaland,https://nagalanduniversity.ac.in,,,,,unresolved,No first-party or government source verified here explicitly naming the administrative district for the exact campus; city or postal address alone was not used to infer one.
865,Nalanda University,Rajgir,Bihar,https://nalandauniv.edu.in,,,,,unresolved,No first-party or government source verified here explicitly naming the administrative district for the exact campus; city or postal address alone was not used to infer one.
866,National Sanskrit University,Tirupati,Andhra Pradesh,http://nsktu.ac.in,,,,,unresolved,No first-party or government source verified here explicitly naming the administrative district for the exact campus; city or postal address alone was not used to infer one.
867,North Eastern Hill University,Shillong,Meghalaya,https://www.nehu.ac.in,,,,,unresolved,No first-party or government source verified here explicitly naming the administrative district for the exact campus; city or postal address alone was not used to infer one.
868,Pondicherry University,Puducherry,Puducherry,http://www.pondiuni.edu.in,,,,,unresolved,No first-party or government source verified here explicitly naming the administrative district for the exact campus; city or postal address alone was not used to infer one.
869,Rajiv Gandhi National Aviation University,Fursatganj,Uttar Pradesh,https://www.rgnau.ac.in,,,,,unresolved,No first-party or government source verified here explicitly naming the administrative district for the exact campus; city or postal address alone was not used to infer one.
870,Rajiv Gandhi University,Itanagar,Arunachal Pradesh,https://www.rgu.ac.in,,,,,unresolved,No first-party or government source verified here explicitly naming the administrative district for the exact campus; city or postal address alone was not used to infer one.
871,Rani Lakshmi Bai Central Agricultural University,Jhansi,Uttar Pradesh,https://rlbcau.ac.in,,,,,unresolved,No first-party or government source verified here explicitly naming the administrative district for the exact campus; city or postal address alone was not used to infer one.
872,Sammakka Sarakka Central Tribal University,Mulugu,Telangana,https://ssctu.ac.in,,,,,unresolved,No first-party or government source verified here explicitly naming the administrative district for the exact campus; city or postal address alone was not used to infer one.
873,Shri Lal Bahadur Shastri National Sanskrit University,New Delhi,Delhi,http://www.slbsrsv.ac.in,,,,,unresolved,No first-party or government source verified here explicitly naming the administrative district for the exact campus; city or postal address alone was not used to infer one.
874,Sikkim University,Gangtok,Sikkim,https://cus.ac.in,,,,,unresolved,No first-party or government source verified here explicitly naming the administrative district for the exact campus; city or postal address alone was not used to infer one.
875,Sindhu Central University,Leh,Ladakh,https://sindhucu.ac.in,,,,,unresolved,No first-party or government source verified here explicitly naming the administrative district for the exact campus; city or postal address alone was not used to infer one.
876,South Asian University,New Delhi,Delhi,https://sau.int,,,,,unresolved,No first-party or government source verified here explicitly naming the administrative district for the exact campus; city or postal address alone was not used to infer one.
877,Tezpur University,Tezpur,Assam,http://www.tezu.ernet.in,,,,,unresolved,No first-party or government source verified here explicitly naming the administrative district for the exact campus; city or postal address alone was not used to infer one.
878,Tripura University,Agartala,Tripura,https://tripurauniv.ac.in,,,,,unresolved,No first-party or government source verified here explicitly naming the administrative district for the exact campus; city or postal address alone was not used to infer one.
879,University of Allahabad,Prayagraj,Uttar Pradesh,https://allduniv.ac.in,,,,,unresolved,No first-party or government source verified here explicitly naming the administrative district for the exact campus; city or postal address alone was not used to infer one.
880,Visva-Bharati,Santiniketan,West Bengal,https://visvabharati.ac.in,,,,,unresolved,No first-party or government source verified here explicitly naming the administrative district for the exact campus; city or postal address alone was not used to infer one.
881,National Institute of Fashion Technology Mumbai,Navi Mumbai,Maharashtra,https://www.nift.ac.in,,,,,unresolved,No first-party or government source verified here explicitly naming the administrative district for the exact campus; city or postal address alone was not used to infer one.
882,National Institute of Fashion Technology Bengaluru,Bengaluru,Karnataka,https://www.nift.ac.in,,,,,unresolved,No first-party or government source verified here explicitly naming the administrative district for the exact campus; city or postal address alone was not used to infer one.
883,National Institute of Fashion Technology Bhubaneswar,Bhubaneswar,Odisha,https://www.nift.ac.in,,,,,unresolved,No first-party or government source verified here explicitly naming the administrative district for the exact campus; city or postal address alone was not used to infer one.
884,National Institute of Fashion Technology Srinagar,Srinagar,Jammu and Kashmir,https://www.nift.ac.in,,,,,unresolved,No first-party or government source verified here explicitly naming the administrative district for the exact campus; city or postal address alone was not used to infer one.
885,National Institute of Fashion Technology Varanasi,Varanasi,Uttar Pradesh,https://www.nift.ac.in,,,,,unresolved,No first-party or government source verified here explicitly naming the administrative district for the exact campus; city or postal address alone was not used to infer one.
886,National Institute of Fashion Technology Shillong,Shillong,Meghalaya,https://www.nift.ac.in,,,,,unresolved,No first-party or government source verified here explicitly naming the administrative district for the exact campus; city or postal address alone was not used to infer one.
887,National Institute of Fashion Technology Raebareli,Raebareli,Uttar Pradesh,https://www.nift.ac.in,,,,,unresolved,No first-party or government source verified here explicitly naming the administrative district for the exact campus; city or postal address alone was not used to infer one.
888,National Institute of Fashion Technology Patna,Patna,Bihar,https://www.nift.ac.in,,,,,unresolved,No first-party or government source verified here explicitly naming the administrative district for the exact campus; city or postal address alone was not used to infer one.
889,National Institute of Fashion Technology Panchkula,Panchkula,Haryana,https://www.nift.ac.in,,,,,unresolved,No first-party or government source verified here explicitly naming the administrative district for the exact campus; city or postal address alone was not used to infer one.
890,National Institute of Fashion Technology Kannur,Kannur,Kerala,https://www.nift.ac.in,,,,,unresolved,No first-party or government source verified here explicitly naming the administrative district for the exact campus; city or postal address alone was not used to infer one.
891,National Institute of Fashion Technology Kangra,Kangra,Himachal Pradesh,https://www.nift.ac.in,,,,,unresolved,No first-party or government source verified here explicitly naming the administrative district for the exact campus; city or postal address alone was not used to infer one.
892,National Institute of Fashion Technology Jodhpur,Jodhpur,Rajasthan,https://www.nift.ac.in,,,,,unresolved,No first-party or government source verified here explicitly naming the administrative district for the exact campus; city or postal address alone was not used to infer one.
893,National Institute of Fashion Technology Hyderabad,Hyderabad,Telangana,https://www.nift.ac.in,,,,,unresolved,No first-party or government source verified here explicitly naming the administrative district for the exact campus; city or postal address alone was not used to infer one.
894,National Institute of Fashion Technology Chennai,Chennai,Tamil Nadu,https://www.nift.ac.in,,,,,unresolved,No first-party or government source verified here explicitly naming the administrative district for the exact campus; city or postal address alone was not used to infer one.
895,National Institute of Fashion Technology Bhopal,Bhopal,Madhya Pradesh,https://www.nift.ac.in,,,,,unresolved,No first-party or government source verified here explicitly naming the administrative district for the exact campus; city or postal address alone was not used to infer one.
896,National Institute of Fashion Technology Raipur,Raipur,Chhattisgarh,https://www.nift.ac.in,,,,,unresolved,No first-party or government source verified here explicitly naming the administrative district for the exact campus; city or postal address alone was not used to infer one.
897,National Institute of Fashion Technology Kolkata,Kolkata,West Bengal,https://www.nift.ac.in,,,,,unresolved,No first-party or government source verified here explicitly naming the administrative district for the exact campus; city or postal address alone was not used to infer one.
898,National Institute of Fashion Technology Gandhinagar,Gandhinagar,Gujarat,https://www.nift.ac.in,,,,,unresolved,No first-party or government source verified here explicitly naming the administrative district for the exact campus; city or postal address alone was not used to infer one.
899,National Institute of Fashion Technology Daman,Daman,Dadra and Nagar Haveli and Daman and Diu,https://www.nift.ac.in,,,,,unresolved,No first-party or government source verified here explicitly naming the administrative district for the exact campus; city or postal address alone was not used to infer one.
900,Footwear Design and Development Institute Noida,Noida,Uttar Pradesh,https://fddiindia.com,,,,,unresolved,No first-party or government source verified here explicitly naming the administrative district for the exact campus; city or postal address alone was not used to infer one.
901,Footwear Design and Development Institute Fursatganj,Fursatganj,Uttar Pradesh,https://fddiindia.com,https://fddiindia.com/contact.php,"FDDI Fursatganj campus address is Rae Bareli-Sultanpur Road, Fursatganj, District Amethi, Uttar Pradesh 229302.",Amethi,640,resolved_explicit,
902,Footwear Design and Development Institute Rohtak,Rohtak,Haryana,https://fddiindia.com,,,,,unresolved,No first-party or government source verified here explicitly naming the administrative district for the exact campus; city or postal address alone was not used to infer one.
903,Footwear Design and Development Institute Chandigarh,Banur,Punjab,https://fddiindia.com,https://fddiindia.com/admission-helpline,"FDDI Chandigarh campus address is NH-07, Chandigarh-Patiala Highway, Banur, District S.A.S Nagar (Mohali), Punjab 140601.",S.a.s Nagar,608,resolved_explicit,
904,Footwear Design and Development Institute Jodhpur,Jodhpur,Rajasthan,https://fddiindia.com,https://fddiindia.com/contact.php,"FDDI Jodhpur campus address is Village Mandoor, Tehsil Jodhpur, District Jodhpur, Rajasthan.",Jodhpur,107,resolved_explicit,
905,Footwear Design and Development Institute Ankleshwar,Ankleshwar,Gujarat,https://fddiindia.com,https://fddiindia.com/admission-helpline,"FDDI Ankleshwar campus address is in Ankleshwar, District Bharuch, Gujarat 393002.",Bharuch,442,resolved_explicit,
906,Footwear Design and Development Institute Guna,Guna,Madhya Pradesh,https://fddiindia.com,https://www.fddiindia.com/pdf/Internal-Auditor-Tender.pdf,"FDDI Guna campus tender address names Puraposar Road, District Guna, Madhya Pradesh.",Guna,406,resolved_explicit,
907,Footwear Design and Development Institute Chhindwara,Chhindwara,Madhya Pradesh,https://fddiindia.com,,,,,unresolved,No first-party or government source verified here explicitly naming the administrative district for the exact campus; city or postal address alone was not used to infer one.
908,Footwear Design and Development Institute Patna,Patna,Bihar,https://fddiindia.com,,,,,unresolved,No first-party or government source verified here explicitly naming the administrative district for the exact campus; city or postal address alone was not used to infer one.
909,Footwear Design and Development Institute Kolkata,Kolkata,West Bengal,https://fddiindia.com,https://www.fddiindia.com/pdf/Internal-Auditor-Tender.pdf,"FDDI Kolkata campus tender address names Kolkata Leather Complex, District South 24-Parganas, West Bengal, PIN 743502.",South 24 Parganas,304,resolved_explicit,
910,Footwear Design and Development Institute Hyderabad,Hyderabad,Telangana,https://fddiindia.com,,,,,unresolved,No first-party or government source verified here explicitly naming the administrative district for the exact campus; city or postal address alone was not used to infer one.
911,Footwear Design and Development Institute Chennai,Chennai,Tamil Nadu,https://fddiindia.com,,,,,unresolved,No first-party or government source verified here explicitly naming the administrative district for the exact campus; city or postal address alone was not used to infer one.
912,Indian Institute of Mass Communication Dhenkanal,Dhenkanal,Odisha,https://iimc.gov.in,,,,,unresolved,No first-party or government source verified here explicitly naming the administrative district for the exact campus; city or postal address alone was not used to infer one.
913,Indian Institute of Mass Communication Aizawl,Aizawl,Mizoram,https://iimc.gov.in,,,,,unresolved,No first-party or government source verified here explicitly naming the administrative district for the exact campus; city or postal address alone was not used to infer one.
914,Indian Institute of Mass Communication Amravati,Amravati,Maharashtra,https://iimc.gov.in,,,,,unresolved,No first-party or government source verified here explicitly naming the administrative district for the exact campus; city or postal address alone was not used to infer one.
915,Indian Institute of Mass Communication Jammu,Jammu,Jammu and Kashmir,https://iimc.gov.in,,,,,unresolved,No first-party or government source verified here explicitly naming the administrative district for the exact campus; city or postal address alone was not used to infer one.
916,Indian Institute of Mass Communication Kottayam,Kottayam,Kerala,https://iimc.gov.in,,,,,unresolved,No first-party or government source verified here explicitly naming the administrative district for the exact campus; city or postal address alone was not used to infer one.
917,Institute of Hotel Management Bhopal,Bhopal,Madhya Pradesh,https://www.ihmbhopal.ac.in,,,,,unresolved,No first-party or government source verified here explicitly naming the administrative district for the exact campus; city or postal address alone was not used to infer one.
918,Institute of Hotel Management Bhubaneswar,Bhubaneswar,Odisha,https://www.ihmbbs.org,,,,,unresolved,No first-party or government source verified here explicitly naming the administrative district for the exact campus; city or postal address alone was not used to infer one.
919,Dr. Ambedkar Institute of Hotel Management Chandigarh,Chandigarh,Chandigarh,https://www.ihmchandigarh.org,,,,,unresolved,No first-party or government source verified here explicitly naming the administrative district for the exact campus; city or postal address alone was not used to infer one.
920,Institute of Hotel Management Chennai,Chennai,Tamil Nadu,http://www.ihmchennai.org,,,,,unresolved,No first-party or government source verified here explicitly naming the administrative district for the exact campus; city or postal address alone was not used to infer one.
921,Institute of Hotel Management Gandhinagar,Gandhinagar,Gujarat,https://ihmahmedabad.com,,,,,unresolved,No first-party or government source verified here explicitly naming the administrative district for the exact campus; city or postal address alone was not used to infer one.
922,Institute of Hotel Management Goa,Porvorim,Goa,https://www.ihmgoa.gov.in,,,,,unresolved,No first-party or government source verified here explicitly naming the administrative district for the exact campus; city or postal address alone was not used to infer one.
923,Institute of Hotel Management Gurdaspur,Gurdaspur,Punjab,https://ihm-gsp.ac.in,,,,,unresolved,No first-party or government source verified here explicitly naming the administrative district for the exact campus; city or postal address alone was not used to infer one.
924,Institute of Hotel Management Guwahati,Guwahati,Assam,https://ihmctanghy.org.in,,,,,unresolved,No first-party or government source verified here explicitly naming the administrative district for the exact campus; city or postal address alone was not used to infer one.
925,Institute of Hotel Management Gwalior,Gwalior,Madhya Pradesh,https://ihmgwalior.org,,,,,unresolved,No first-party or government source verified here explicitly naming the administrative district for the exact campus; city or postal address alone was not used to infer one.
926,Institute of Hotel Management Hajipur,Hajipur,Bihar,https://www.ihmhajipur.net,,,,,unresolved,No first-party or government source verified here explicitly naming the administrative district for the exact campus; city or postal address alone was not used to infer one.
927,Institute of Hotel Management Hyderabad,Hyderabad,Telangana,https://www.ihmhyd.org,,,,,unresolved,No first-party or government source verified here explicitly naming the administrative district for the exact campus; city or postal address alone was not used to infer one.
928,Institute of Hotel Management Jaipur,Jaipur,Rajasthan,https://www.ihmjaipur.com,,,,,unresolved,No first-party or government source verified here explicitly naming the administrative district for the exact campus; city or postal address alone was not used to infer one.
929,Institute of Hotel Management Kolkata,Kolkata,West Bengal,https://ihmkol.org,,,,,unresolved,No first-party or government source verified here explicitly naming the administrative district for the exact campus; city or postal address alone was not used to infer one.
930,Institute of Hotel Management Lucknow,Lucknow,Uttar Pradesh,http://www.ihmlucknow.com,,,,,unresolved,No first-party or government source verified here explicitly naming the administrative district for the exact campus; city or postal address alone was not used to infer one.
931,Institute of Hotel Management Shillong,Shillong,Meghalaya,https://ihmshillong.nic.in,,,,,unresolved,No first-party or government source verified here explicitly naming the administrative district for the exact campus; city or postal address alone was not used to infer one.
932,Institute of Hotel Management Shimla,Shimla,Himachal Pradesh,https://www.ihmshimla.ac.in,,,,,unresolved,No first-party or government source verified here explicitly naming the administrative district for the exact campus; city or postal address alone was not used to infer one.
933,Institute of Hotel Management Srinagar,Srinagar,Jammu and Kashmir,https://ihmsrinagar.edu.in,,,,,unresolved,No first-party or government source verified here explicitly naming the administrative district for the exact campus; city or postal address alone was not used to infer one.
934,Institute of Hotel Management Thiruvananthapuram,Thiruvananthapuram,Kerala,https://www.ihmctkovalam.org,,,,,unresolved,No first-party or government source verified here explicitly naming the administrative district for the exact campus; city or postal address alone was not used to infer one.
935,NCHM-IH Noida,Noida,Uttar Pradesh,,,,,,unresolved,No first-party or government source verified here explicitly naming the administrative district for the exact campus; city or postal address alone was not used to infer one.
936,Indian Institute of Tourism and Travel Management Bhubaneswar,Bhubaneswar,Odisha,https://iittm.ac.in,,,,,unresolved,No first-party or government source verified here explicitly naming the administrative district for the exact campus; city or postal address alone was not used to infer one.
937,Indian Institute of Tourism and Travel Management Noida,Noida,Uttar Pradesh,https://iittm.ac.in,,,,,unresolved,No first-party or government source verified here explicitly naming the administrative district for the exact campus; city or postal address alone was not used to infer one.
938,Indian Institute of Tourism and Travel Management Nellore,Nellore,Andhra Pradesh,https://iittm.ac.in,,,,,unresolved,No first-party or government source verified here explicitly naming the administrative district for the exact campus; city or postal address alone was not used to infer one.
939,Indian Institute of Tourism and Travel Management Goa,Panaji,Goa,https://iittm.ac.in,,,,,unresolved,No first-party or government source verified here explicitly naming the administrative district for the exact campus; city or postal address alone was not used to infer one.
940,National Dairy Research Institute,Karnal,Haryana,https://ndri.res.in,,,,,unresolved,No first-party or government source verified here explicitly naming the administrative district for the exact campus; city or postal address alone was not used to infer one.
941,Central Institute of Fisheries Education,Mumbai,Maharashtra,https://www.cife.edu.in,,,,,unresolved,No first-party or government source verified here explicitly naming the administrative district for the exact campus; city or postal address alone was not used to infer one.
942,National Academy of Agricultural Research Management,Hyderabad,Telangana,https://naarm.org.in,,,,,unresolved,No first-party or government source verified here explicitly naming the administrative district for the exact campus; city or postal address alone was not used to infer one.
943,Officers Training Academy Gaya,Gaya,Bihar,https://joinindianarmy.nic.in,,,,,unresolved,No first-party or government source verified here explicitly naming the administrative district for the exact campus; city or postal address alone was not used to infer one.
944,Indian Maritime University Mumbai Port Campus,Mumbai,Maharashtra,https://www.imu.edu.in,,,,,unresolved,No first-party or government source verified here explicitly naming the administrative district for the exact campus; city or postal address alone was not used to infer one.
945,Indian Maritime University Visakhapatnam Campus,Visakhapatnam,Andhra Pradesh,https://www.imu.edu.in,,,,,unresolved,No first-party or government source verified here explicitly naming the administrative district for the exact campus; city or postal address alone was not used to infer one.
946,Indian Maritime University Kochi Campus,Kochi,Kerala,https://www.imu.edu.in,,,,,unresolved,No first-party or government source verified here explicitly naming the administrative district for the exact campus; city or postal address alone was not used to infer one.
947,Indian Institute of Foreign Trade Kolkata Campus,Kolkata,West Bengal,https://www.iift.ac.in,,,,,unresolved,No first-party or government source verified here explicitly naming the administrative district for the exact campus; city or postal address alone was not used to infer one.
948,Indian Institute of Foreign Trade Kakinada Campus,Kakinada,Andhra Pradesh,https://www.iift.ac.in,,,,,unresolved,No first-party or government source verified here explicitly naming the administrative district for the exact campus; city or postal address alone was not used to infer one.
949,Indian Institute of Foreign Trade GIFT City Campus,Gandhinagar,Gujarat,https://www.iift.ac.in,,,,,unresolved,No first-party or government source verified here explicitly naming the administrative district for the exact campus; city or postal address alone was not used to infer one.
950,Regional Institute of Education Ajmer,Ajmer,Rajasthan,,,,,,unresolved,No first-party or government source verified here explicitly naming the administrative district for the exact campus; city or postal address alone was not used to infer one.
951,Regional Institute of Education Bhopal,Bhopal,Madhya Pradesh,,,,,,unresolved,No first-party or government source verified here explicitly naming the administrative district for the exact campus; city or postal address alone was not used to infer one.
952,Regional Institute of Education Bhubaneswar,Bhubaneswar,Odisha,,,,,,unresolved,No first-party or government source verified here explicitly naming the administrative district for the exact campus; city or postal address alone was not used to infer one.
953,Regional Institute of Education Mysuru,Mysuru,Karnataka,https://riemysore.ac.in,,,,,unresolved,No first-party or government source verified here explicitly naming the administrative district for the exact campus; city or postal address alone was not used to infer one.
954,North East Regional Institute of Education Shillong,Shillong,Meghalaya,,,,,,unresolved,No first-party or government source verified here explicitly naming the administrative district for the exact campus; city or postal address alone was not used to infer one.
955,Regional Institute of Education Nellore,Nellore,Andhra Pradesh,,,,,,unresolved,No first-party or government source verified here explicitly naming the administrative district for the exact campus; city or postal address alone was not used to infer one.
956,Lakshmibai National College of Physical Education Thiruvananthapuram,Thiruvananthapuram,Kerala,https://sportsauthorityofindia.gov.in/sai/lncpe,,,,,unresolved,No first-party or government source verified here explicitly naming the administrative district for the exact campus; city or postal address alone was not used to infer one.
957,National Institute of Unani Medicine,Bengaluru,Karnataka,https://nium.in,,,,,unresolved,No first-party or government source verified here explicitly naming the administrative district for the exact campus; city or postal address alone was not used to infer one.
958,National Institute of Unani Medicine Ghaziabad Campus,Ghaziabad,Uttar Pradesh,https://nium.in,,,,,unresolved,No first-party or government source verified here explicitly naming the administrative district for the exact campus; city or postal address alone was not used to infer one.
959,National Institute of Siddha,Chennai,Tamil Nadu,https://nischennai.org,,,,,unresolved,No first-party or government source verified here explicitly naming the administrative district for the exact campus; city or postal address alone was not used to infer one.
960,Morarji Desai National Institute of Yoga,New Delhi,Delhi,,,,,,unresolved,No first-party or government source verified here explicitly naming the administrative district for the exact campus; city or postal address alone was not used to infer one.
961,North Eastern Institute of Ayurveda and Homoeopathy,Shillong,Meghalaya,,,,,,unresolved,No first-party or government source verified here explicitly naming the administrative district for the exact campus; city or postal address alone was not used to infer one.
962,National Institute of Sowa-Rigpa,Leh,Ladakh,https://sowarigpainstitute.in,,,,,unresolved,No first-party or government source verified here explicitly naming the administrative district for the exact campus; city or postal address alone was not used to infer one.
963,National Institute for the Empowerment of Persons with Visual Disabilities,Dehradun,Uttarakhand,https://niepvd.nic.in,,,,,unresolved,No first-party or government source verified here explicitly naming the administrative district for the exact campus; city or postal address alone was not used to infer one.
964,National Institute for the Empowerment of Persons with Intellectual Disabilities,Secunderabad,Telangana,https://niepid.nic.in,,,,,unresolved,No first-party or government source verified here explicitly naming the administrative district for the exact campus; city or postal address alone was not used to infer one.
965,Pt. Deendayal Upadhyaya National Institute for Persons with Physical Disabilities,New Delhi,Delhi,https://pdunippd.nic.in,,,,,unresolved,No first-party or government source verified here explicitly naming the administrative district for the exact campus; city or postal address alone was not used to infer one.
966,Swami Vivekanand National Institute of Rehabilitation Training and Research,Cuttack,Odisha,https://www.svnirtar.nic.in,,,,,unresolved,No first-party or government source verified here explicitly naming the administrative district for the exact campus; city or postal address alone was not used to infer one.
967,National Institute for Locomotor Disabilities,Kolkata,West Bengal,https://nild.nic.in,,,,,unresolved,No first-party or government source verified here explicitly naming the administrative district for the exact campus; city or postal address alone was not used to infer one.
968,Indian Sign Language Research and Training Centre,New Delhi,Delhi,https://islrtc.nic.in,,,,,unresolved,No first-party or government source verified here explicitly naming the administrative district for the exact campus; city or postal address alone was not used to infer one.
969,National Institute of Mental Health and Rehabilitation,Sehore,Madhya Pradesh,https://nimhr.nic.in,,,,,unresolved,No first-party or government source verified here explicitly naming the administrative district for the exact campus; city or postal address alone was not used to infer one.
970,National Law University Jodhpur,Jodhpur,Rajasthan,http://www.nlujodhpur.ac.in,,,,,unresolved,No first-party or government source verified here explicitly naming the administrative district for the exact campus; city or postal address alone was not used to infer one.
971,Hidayatullah National Law University,Raipur,Chhattisgarh,https://www.hnlu.ac.in,,,,,unresolved,No first-party or government source verified here explicitly naming the administrative district for the exact campus; city or postal address alone was not used to infer one.
972,Gujarat National Law University Silvassa Campus,Silvassa,Dadra and Nagar Haveli and Daman and Diu,https://www.gnlu.ac.in,,,,,unresolved,No first-party or government source verified here explicitly naming the administrative district for the exact campus; city or postal address alone was not used to infer one.
973,Rajiv Gandhi National University of Law,Patiala,Punjab,https://www.rgnul.ac.in,,,,,unresolved,No first-party or government source verified here explicitly naming the administrative district for the exact campus; city or postal address alone was not used to infer one.
974,Chanakya National Law University,Patna,Bihar,http://www.cnlu.ac.in,,,,,unresolved,No first-party or government source verified here explicitly naming the administrative district for the exact campus; city or postal address alone was not used to infer one.
975,National Law University Odisha,Cuttack,Odisha,http://www.nluo.ac.in,,,,,unresolved,No first-party or government source verified here explicitly naming the administrative district for the exact campus; city or postal address alone was not used to infer one.
976,National University of Study and Research in Law,Ranchi,Jharkhand,http://www.nusrlranchi.ac.in,,,,,unresolved,No first-party or government source verified here explicitly naming the administrative district for the exact campus; city or postal address alone was not used to infer one.
977,National Law University and Judicial Academy Assam,Guwahati,Assam,http://www.nluassam.ac.in,,,,,unresolved,No first-party or government source verified here explicitly naming the administrative district for the exact campus; city or postal address alone was not used to infer one.
978,Damodaram Sanjivayya National Law University,Visakhapatnam,Andhra Pradesh,https://dsnlu.ac.in,,,,,unresolved,No first-party or government source verified here explicitly naming the administrative district for the exact campus; city or postal address alone was not used to infer one.
979,Tamil Nadu National Law University,Tiruchirappalli,Tamil Nadu,https://tnnlu.ac.in,,,,,unresolved,No first-party or government source verified here explicitly naming the administrative district for the exact campus; city or postal address alone was not used to infer one.
980,Maharashtra National Law University Mumbai,Mumbai,Maharashtra,https://mnlumumbai.edu.in,,,,,unresolved,No first-party or government source verified here explicitly naming the administrative district for the exact campus; city or postal address alone was not used to infer one.
981,Maharashtra National Law University Nagpur,Nagpur,Maharashtra,http://www.nlunagpur.ac.in,,,,,unresolved,No first-party or government source verified here explicitly naming the administrative district for the exact campus; city or postal address alone was not used to infer one.
982,Maharashtra National Law University Chhatrapati Sambhajinagar,Chhatrapati Sambhajinagar,Maharashtra,https://www.mnlua.ac.in,,,,,unresolved,No first-party or government source verified here explicitly naming the administrative district for the exact campus; city or postal address alone was not used to infer one.
983,Himachal Pradesh National Law University,Shimla,Himachal Pradesh,http://www.hpnlu.ac.in,,,,,unresolved,No first-party or government source verified here explicitly naming the administrative district for the exact campus; city or postal address alone was not used to infer one.
984,Dr. B.R. Ambedkar National Law University,Sonipat,Haryana,https://www.dbranlu.ac.in,,,,,unresolved,No first-party or government source verified here explicitly naming the administrative district for the exact campus; city or postal address alone was not used to infer one.
985,National Law University Tripura,Agartala,Tripura,https://nlutripura.ac.in,,,,,unresolved,No first-party or government source verified here explicitly naming the administrative district for the exact campus; city or postal address alone was not used to infer one.
986,Dr. Rajendra Prasad National Law University,Prayagraj,Uttar Pradesh,https://rpnlup.ac.in,,,,,unresolved,No first-party or government source verified here explicitly naming the administrative district for the exact campus; city or postal address alone was not used to infer one.
987,National Law University of Meghalaya,Shillong,Meghalaya,https://www.nlumeg.ac.in,,,,,unresolved,No first-party or government source verified here explicitly naming the administrative district for the exact campus; city or postal address alone was not used to infer one.
988,Sikkim National Law University,Gangtok,Sikkim,,,,,,unresolved,No first-party or government source verified here explicitly naming the administrative district for the exact campus; city or postal address alone was not used to infer one.
989,Karnataka State Law University,Hubballi,Karnataka,https://kslu.karnataka.gov.in,,,,,unresolved,No first-party or government source verified here explicitly naming the administrative district for the exact campus; city or postal address alone was not used to infer one.
990,Tamil Nadu Dr. Ambedkar Law University,Chennai,Tamil Nadu,https://www.tndalu.ac.in,,,,,unresolved,No first-party or government source verified here explicitly naming the administrative district for the exact campus; city or postal address alone was not used to infer one.
991,Dr. Bhimrao Ambedkar Law University,Jaipur,Rajasthan,https://www.alujaipur.ac.in,,,,,unresolved,No first-party or government source verified here explicitly naming the administrative district for the exact campus; city or postal address alone was not used to infer one.
992,Madhusudan Law University,Cuttack,Odisha,https://mlu.ac.in,,,,,unresolved,No first-party or government source verified here explicitly naming the administrative district for the exact campus; city or postal address alone was not used to infer one.
993,Sri Guru Teg Bahadur State University of Law,Patti,Punjab,,,,,,unresolved,No first-party or government source verified here explicitly naming the administrative district for the exact campus; city or postal address alone was not used to infer one.
994,Acharya N.G. Ranga Agricultural University,Guntur,Andhra Pradesh,https://angrau.ac.in,,,,,unresolved,No first-party or government source verified here explicitly naming the administrative district for the exact campus; city or postal address alone was not used to infer one.
995,Dr. Y.S.R. Horticultural University,Venkataramannagudem,Andhra Pradesh,https://drysrhu.ap.gov.in,,,,,unresolved,No first-party or government source verified here explicitly naming the administrative district for the exact campus; city or postal address alone was not used to infer one.
996,Sri Venkateswara Veterinary University,Tirupati,Andhra Pradesh,https://www.svvu.edu.in,,,,,unresolved,No first-party or government source verified here explicitly naming the administrative district for the exact campus; city or postal address alone was not used to infer one.
997,Andhra Pradesh Fisheries University,Vijayawada,Andhra Pradesh,https://apfu.ap.gov.in,,,,,unresolved,No first-party or government source verified here explicitly naming the administrative district for the exact campus; city or postal address alone was not used to infer one.
998,Assam Agricultural University,Jorhat,Assam,http://www.aau.ac.in,,,,,unresolved,No first-party or government source verified here explicitly naming the administrative district for the exact campus; city or postal address alone was not used to infer one.
999,Assam Veterinary and Fishery University,Guwahati,Assam,http://www.vetbifg.ac.in,,,,,unresolved,No first-party or government source verified here explicitly naming the administrative district for the exact campus; city or postal address alone was not used to infer one.
1000,Bihar Agricultural University,Bhagalpur,Bihar,http://bausabour.ac.in,,,,,unresolved,No first-party or government source verified here explicitly naming the administrative district for the exact campus; city or postal address alone was not used to infer one.
1001,Bihar Animal Sciences University,Patna,Bihar,https://www.basu.org.in,,,,,unresolved,No first-party or government source verified here explicitly naming the administrative district for the exact campus; city or postal address alone was not used to infer one.
1002,Indira Gandhi Krishi Vishwavidyalaya,Raipur,Chhattisgarh,https://igkv.ac.in,,,,,unresolved,No first-party or government source verified here explicitly naming the administrative district for the exact campus; city or postal address alone was not used to infer one.
1003,Chhattisgarh Kamdhenu Vishwavidyalaya,Durg,Chhattisgarh,http://cgkv.ac.in,,,,,unresolved,No first-party or government source verified here explicitly naming the administrative district for the exact campus; city or postal address alone was not used to infer one.
1004,Mahatma Gandhi Udyanikee Evam Vanikee Vishwavidyalaya,Durg,Chhattisgarh,https://mguvv.ac.in,,,,,unresolved,No first-party or government source verified here explicitly naming the administrative district for the exact campus; city or postal address alone was not used to infer one.
1005,Sardarkrushinagar Dantiwada Agricultural University,Dantiwada,Gujarat,http://www.sdau.edu.in,,,,,unresolved,No first-party or government source verified here explicitly naming the administrative district for the exact campus; city or postal address alone was not used to infer one.
1006,Anand Agricultural University,Anand,Gujarat,http://www.aau.in,,,,,unresolved,No first-party or government source verified here explicitly naming the administrative district for the exact campus; city or postal address alone was not used to infer one.
1007,Navsari Agricultural University,Navsari,Gujarat,https://nau.in,,,,,unresolved,No first-party or government source verified here explicitly naming the administrative district for the exact campus; city or postal address alone was not used to infer one.
1008,Junagadh Agricultural University,Junagadh,Gujarat,http://www.jau.in,,,,,unresolved,No first-party or government source verified here explicitly naming the administrative district for the exact campus; city or postal address alone was not used to infer one.
1009,Kamdhenu University,Gandhinagar,Gujarat,https://www.kamdhenuuni.edu.in,,,,,unresolved,No first-party or government source verified here explicitly naming the administrative district for the exact campus; city or postal address alone was not used to infer one.
1010,Gujarat Natural Farming and Organic Agricultural University,Anand,Gujarat,,,,,,unresolved,No first-party or government source verified here explicitly naming the administrative district for the exact campus; city or postal address alone was not used to infer one.
1011,Chaudhary Charan Singh Haryana Agricultural University,Hisar,Haryana,http://www.hau.ac.in,,,,,unresolved,No first-party or government source verified here explicitly naming the administrative district for the exact campus; city or postal address alone was not used to infer one.
1012,Lala Lajpat Rai University of Veterinary and Animal Sciences,Hisar,Haryana,https://www.luvas.edu.in,,,,,unresolved,No first-party or government source verified here explicitly naming the administrative district for the exact campus; city or postal address alone was not used to infer one.
1013,Maharana Pratap Horticultural University,Karnal,Haryana,https://www.mhu.ac.in,,,,,unresolved,No first-party or government source verified here explicitly naming the administrative district for the exact campus; city or postal address alone was not used to infer one.
1014,Chaudhary Sarwan Kumar Himachal Pradesh Krishi Vishvavidyalaya,Palampur,Himachal Pradesh,http://hillagric.ac.in:1003/cskhpau,,,,,unresolved,No first-party or government source verified here explicitly naming the administrative district for the exact campus; city or postal address alone was not used to infer one.
1015,Dr. Yashwant Singh Parmar University of Horticulture and Forestry,Solan,Himachal Pradesh,http://www.yspuniversity.ac.in,,,,,unresolved,No first-party or government source verified here explicitly naming the administrative district for the exact campus; city or postal address alone was not used to infer one.
1016,Birsa Agricultural University,Ranchi,Jharkhand,http://www.baujharkhand.org,,,,,unresolved,No first-party or government source verified here explicitly naming the administrative district for the exact campus; city or postal address alone was not used to infer one.
1017,Sher-e-Kashmir University of Agricultural Sciences and Technology of Kashmir,Srinagar,Jammu and Kashmir,http://www.skuastkashmir.ac.in,,,,,unresolved,No first-party or government source verified here explicitly naming the administrative district for the exact campus; city or postal address alone was not used to infer one.
1018,Sher-e-Kashmir University of Agricultural Sciences and Technology of Jammu,Jammu,Jammu and Kashmir,,,,,,unresolved,No first-party or government source verified here explicitly naming the administrative district for the exact campus; city or postal address alone was not used to infer one.
1019,"Karnataka Veterinary, Animal and Fisheries Sciences University",Bidar,Karnataka,https://www.kvafsu.edu.in,,,,,unresolved,No first-party or government source verified here explicitly naming the administrative district for the exact campus; city or postal address alone was not used to infer one.
1020,University of Agricultural Sciences Raichur,Raichur,Karnataka,,,,,,unresolved,No first-party or government source verified here explicitly naming the administrative district for the exact campus; city or postal address alone was not used to infer one.
1021,University of Agricultural Sciences Dharwad,Dharwad,Karnataka,http://www.uasd.edu,,,,,unresolved,No first-party or government source verified here explicitly naming the administrative district for the exact campus; city or postal address alone was not used to infer one.
1022,University of Horticultural Sciences Bagalkot,Bagalkot,Karnataka,https://www.uhsbagalkot.edu.in,,,,,unresolved,No first-party or government source verified here explicitly naming the administrative district for the exact campus; city or postal address alone was not used to infer one.
1023,Keladi Shivappa Nayaka University of Agricultural and Horticultural Sciences,Shivamogga,Karnataka,https://uahs.edu.in/?lang=en,,,,,unresolved,No first-party or government source verified here explicitly naming the administrative district for the exact campus; city or postal address alone was not used to infer one.
1024,Kerala Agricultural University,Thrissur,Kerala,http://www.kau.edu,,,,,unresolved,No first-party or government source verified here explicitly naming the administrative district for the exact campus; city or postal address alone was not used to infer one.
1025,Kerala University of Fisheries and Ocean Studies,Kochi,Kerala,http://www.kufos.ac.in,,,,,unresolved,No first-party or government source verified here explicitly naming the administrative district for the exact campus; city or postal address alone was not used to infer one.
1026,Kerala Veterinary and Animal Sciences University,Pookode,Kerala,https://www.kvasu.ac.in,,,,,unresolved,No first-party or government source verified here explicitly naming the administrative district for the exact campus; city or postal address alone was not used to infer one.
1027,Rajmata Vijayaraje Scindia Krishi Vishwa Vidyalaya,Gwalior,Madhya Pradesh,,,,,,unresolved,No first-party or government source verified here explicitly naming the administrative district for the exact campus; city or postal address alone was not used to infer one.
1028,Nanaji Deshmukh Veterinary Science University,Jabalpur,Madhya Pradesh,http://www.ndvsu.org,,,,,unresolved,No first-party or government source verified here explicitly naming the administrative district for the exact campus; city or postal address alone was not used to infer one.
1029,Dr. Balasaheb Sawant Konkan Krishi Vidyapeeth,Dapoli,Maharashtra,http://www.dbskkv.org,,,,,unresolved,No first-party or government source verified here explicitly naming the administrative district for the exact campus; city or postal address alone was not used to infer one.
1030,Maharashtra Animal and Fishery Sciences University,Nagpur,Maharashtra,http://www.mafsu.in,,,,,unresolved,No first-party or government source verified here explicitly naming the administrative district for the exact campus; city or postal address alone was not used to infer one.
1031,Vasantrao Naik Marathwada Krishi Vidyapeeth,Parbhani,Maharashtra,https://www.vnmkv.ac.in,,,,,unresolved,No first-party or government source verified here explicitly naming the administrative district for the exact campus; city or postal address alone was not used to infer one.
1032,Mahatma Phule Krishi Vidyapeeth,Rahuri,Maharashtra,http://www.mpkv.mah.nic.in,,,,,unresolved,No first-party or government source verified here explicitly naming the administrative district for the exact campus; city or postal address alone was not used to infer one.
1033,Dr. Panjabrao Deshmukh Krishi Vidyapeeth,Akola,Maharashtra,http://www.pdkv.mah.nic.in,,,,,unresolved,No first-party or government source verified here explicitly naming the administrative district for the exact campus; city or postal address alone was not used to infer one.
1034,Odisha University of Agriculture and Technology,Bhubaneswar,Odisha,https://ouat.ac.in,,,,,unresolved,No first-party or government source verified here explicitly naming the administrative district for the exact campus; city or postal address alone was not used to infer one.
1035,Guru Angad Dev Veterinary and Animal Sciences University,Ludhiana,Punjab,http://www.gadvasu.in,,,,,unresolved,No first-party or government source verified here explicitly naming the administrative district for the exact campus; city or postal address alone was not used to infer one.
1036,Maharana Pratap University of Agriculture and Technology,Udaipur,Rajasthan,http://www.mpuat.ac.in,,,,,unresolved,No first-party or government source verified here explicitly naming the administrative district for the exact campus; city or postal address alone was not used to infer one.
1037,Swami Keshwanand Rajasthan Agricultural University,Bikaner,Rajasthan,http://www.raubikaner.org,,,,,unresolved,No first-party or government source verified here explicitly naming the administrative district for the exact campus; city or postal address alone was not used to infer one.
1038,Rajasthan University of Veterinary and Animal Sciences,Bikaner,Rajasthan,https://rajuvas.org,,,,,unresolved,No first-party or government source verified here explicitly naming the administrative district for the exact campus; city or postal address alone was not used to infer one.
1039,Rajasthan University of Veterinary and Animal Sciences Jobner,Jobner,Rajasthan,https://rajuvas.ac.in,,,,,unresolved,No first-party or government source verified here explicitly naming the administrative district for the exact campus; city or postal address alone was not used to infer one.
1040,Tamil Nadu Veterinary and Animal Sciences University,Chennai,Tamil Nadu,http://www.tanuvas.ac.in,,,,,unresolved,No first-party or government source verified here explicitly naming the administrative district for the exact campus; city or postal address alone was not used to infer one.
1041,Tamil Nadu Fisheries University,Nagapattinam,Tamil Nadu,http://www.tnfu.org.in/university/wp,,,,,unresolved,No first-party or government source verified here explicitly naming the administrative district for the exact campus; city or postal address alone was not used to infer one.
1042,Sri Konda Laxman Telangana Horticultural University,Mulugu,Telangana,http://skltshu.ac.in,,,,,unresolved,No first-party or government source verified here explicitly naming the administrative district for the exact campus; city or postal address alone was not used to infer one.
1043,P.V. Narsimha Rao Telangana Veterinary University,Hyderabad,Telangana,https://www.tsvu.nic.in,,,,,unresolved,No first-party or government source verified here explicitly naming the administrative district for the exact campus; city or postal address alone was not used to infer one.
1044,Professor Jayashankar Telangana Agricultural University,Hyderabad,Telangana,http://www.pjtsau.edu.in,,,,,unresolved,No first-party or government source verified here explicitly naming the administrative district for the exact campus; city or postal address alone was not used to infer one.
1045,Veer Chandra Singh Garhwali Uttarakhand University of Horticulture and Forestry,Bharsar,Uttarakhand,https://www.uuhf.ac.in,,,,,unresolved,No first-party or government source verified here explicitly naming the administrative district for the exact campus; city or postal address alone was not used to infer one.
1046,Chandra Shekhar Azad University of Agriculture and Technology,Kanpur,Uttar Pradesh,http://www.csauk.ac.in,,,,,unresolved,No first-party or government source verified here explicitly naming the administrative district for the exact campus; city or postal address alone was not used to infer one.
1047,Sardar Vallabhbhai Patel University of Agriculture and Technology,Meerut,Uttar Pradesh,http://www.svbpmeerut.ac.in,,,,,unresolved,No first-party or government source verified here explicitly naming the administrative district for the exact campus; city or postal address alone was not used to infer one.
1048,Banda University of Agriculture and Technology,Banda,Uttar Pradesh,http://buat.edu.in,,,,,unresolved,No first-party or government source verified here explicitly naming the administrative district for the exact campus; city or postal address alone was not used to infer one.
1049,Bidhan Chandra Krishi Viswavidyalaya,Mohanpur,West Bengal,http://www.bckv.edu.in,,,,,unresolved,No first-party or government source verified here explicitly naming the administrative district for the exact campus; city or postal address alone was not used to infer one.
1050,West Bengal University of Animal and Fishery Sciences,Kolkata,West Bengal,http://wbuafscl.ac.in,,,,,unresolved,No first-party or government source verified here explicitly naming the administrative district for the exact campus; city or postal address alone was not used to infer one.
1051,Uttar Banga Krishi Viswavidyalaya,Cooch Behar,West Bengal,https://www.ubkv.ac.in,,,,,unresolved,No first-party or government source verified here explicitly naming the administrative district for the exact campus; city or postal address alone was not used to infer one.
1052,University of Agricultural Sciences Mandya,Mandya,Karnataka,https://uasmandya.co.in,,,,,unresolved,No first-party or government source verified here explicitly naming the administrative district for the exact campus; city or postal address alone was not used to infer one.
