institute_id,institute_name,original_district,proposed_lgd_district,lgd_district_id,state,resolution_type,evidence_url,local_source_reference,confidence,notes
544,"Maharaja Ganga Singh Dental College & Research Centre",Sri Ganganagar,Ganganagar,100,Rajasthan,alias,https://rgavp.rajasthan.gov.in/Master/GetDistrictList,"assets/data/career_path.db: districts(lgd_code=100,name='Ganganagar',state_code='RJ'); research/location_review.csv row institute_id=544",high_name_crosswalk;medium_institute_location,"Rajasthan Government district list uses Sri Ganganagar; LGD snapshot uses Ganganagar. Preserve explicit legacy district; institution-specific address was not independently verified."
578,Surendera Dental College and Research Institute,Sri Ganganagar,Ganganagar,100,Rajasthan,alias,https://rgavp.rajasthan.gov.in/Master/GetDistrictList,"assets/data/career_path.db: districts(lgd_code=100,name='Ganganagar',state_code='RJ'); research/location_review.csv row institute_id=578",high_name_crosswalk;medium_institute_location,"Rajasthan Government district list uses Sri Ganganagar; LGD snapshot uses Ganganagar. Preserve explicit legacy district; institution-specific address was not independently verified."
600,"Govt. P.G. College, Dhaulpur",Dhaulpur,Dholpur,98,Rajasthan,alias,https://lsg.urban.rajasthan.gov.in/content/raj/udh/nagar-parishad-dhaulpur/en/about-/introduction.html,"assets/data/career_path.db: districts(lgd_code=98,name='Dholpur',state_code='RJ'); research/location_review.csv row institute_id=600",high_name_crosswalk;medium_institute_location,"Rajasthan Government source states Dhaulpur became a district and identifies Dholpur as the city in Dholpur District; LGD snapshot canonical label is Dholpur. Preserve explicit legacy district; institution-specific address was not independently verified."
610,Ch. Balluram Godara Government Girls College,Sri Ganganagar,Ganganagar,100,Rajasthan,alias,https://rgavp.rajasthan.gov.in/Master/GetDistrictList,"assets/data/career_path.db: districts(lgd_code=100,name='Ganganagar',state_code='RJ'); research/location_review.csv row institute_id=610",high_name_crosswalk;medium_institute_location,"Rajasthan Government district list uses Sri Ganganagar; LGD snapshot uses Ganganagar. Preserve explicit legacy district; institution-specific address was not independently verified."
651,"Govt. College, Kasrawad",Khargone,"Khargone (west Nimar)",414,"Madhya Pradesh",alias,https://khargone.nic.in/en/subdivisions-tehsils/,"assets/data/career_path.db: districts(lgd_code=414,name='Khargone (west Nimar)',state_code='MP'); research/location_review.csv row institute_id=651",high_name_crosswalk;medium_institute_location,"Official Khargone district administration lists Kasrawad subdivision/tehsil within Khargone district; LGD snapshot adds the West Nimar parenthetical. Uses explicit district field Khargone, not city-to-district inference; institution-specific address was not independently verified."
678,All India Institute of Medical Sciences Raebareli,Raebareli,"Rae Bareli",175,"Uttar Pradesh",alias,https://raebareli.nic.in/,"assets/data/career_path.db: districts(lgd_code=175,name='Rae Bareli',state_code='UP'); research/location_review.csv row institute_id=678",high_name_crosswalk;medium_institute_location,"Official Uttar Pradesh district portal styles the district Raebareli; LGD snapshot separates Rae Bareli. Preserve explicit legacy district; institution-specific address was not independently verified."
687,"CHAUDHARY CHARAN SINGH DEGREE COLLEGE, HEWARA,","Etawah District",Etawah,139,"Uttar Pradesh",rename,https://etawah.nic.in/,"assets/data/career_path.db: districts(lgd_code=139,name='Etawah',state_code='UP'); research/location_review.csv row institute_id=687",high_name_crosswalk;medium_institute_location,"Official Uttar Pradesh district portal names the district Etawah; remove only the generic 'District' suffix from the explicit legacy district value. No city value was used to infer the district; institution-specific address was not independently verified."
711,Shri Ramswaroop Memorial University,Barabanki,"Bara Banki",129,"Uttar Pradesh",alias,https://barabanki.nic.in/,"assets/data/career_path.db: districts(lgd_code=129,name='Bara Banki',state_code='UP'); research/location_review.csv row institute_id=711",high_name_crosswalk;medium_institute_location,"Official Uttar Pradesh district portal uses Barabanki; LGD snapshot uses Bara Banki. Preserve explicit legacy district; institution-specific address was not independently verified."
716,"Government Polytechnic, Kursi Road, Barabanki",Barabanki,"Bara Banki",129,"Uttar Pradesh",alias,https://barabanki.nic.in/,"assets/data/career_path.db: districts(lgd_code=129,name='Bara Banki',state_code='UP'); research/location_review.csv row institute_id=716",high_name_crosswalk;medium_institute_location,"Official Uttar Pradesh district portal uses Barabanki; LGD snapshot uses Bara Banki. Preserve explicit legacy district; institution-specific address was not independently verified."
