institute_id,institute_name,city,district,state,reason,institute_website_for_review
4,VIT,Vellore,,Tamil Nadu,missing_explicit_district,https://vit.ac.in
10,IIT Kanpur (Cyber Security),Kanpur,,Uttar Pradesh,missing_explicit_district,https://www.iitk.ac.in
11,CDAC,Pune,,Maharashtra,missing_explicit_district,https://www.cdac.in
12,National Institute of Technology Tiruchirappalli,Tiruchirappalli,,Tamil Nadu,missing_explicit_district,https://www.nitt.edu
14,Drishti IAS,New Delhi,,Delhi,missing_explicit_district,https://www.drishtiias.com
15,Vision IAS,New Delhi,,Delhi,missing_explicit_district,https://www.visionias.in
16,Vajiram & Ravi,New Delhi,,Delhi,missing_explicit_district,https://www.vajiramandravi.com
19,Navkar Institute,Ahmedabad,,Gujarat,missing_explicit_district,https://www.navkarinstitute.com
20,VG Learning Destination,New Delhi,,Delhi,missing_explicit_district,https://vgld.in
21,All India Institute of Medical Sciences New Delhi,New Delhi,,Delhi,missing_explicit_district,https://www.aiims.edu
23,CMC Vellore,Vellore,,Tamil Nadu,missing_explicit_district,https://www.cmch-vellore.edu
24,Jawaharlal Institute of Postgraduate Medical Education and Research,Puducherry,,Puducherry,missing_explicit_district,https://jipmer.edu.in
25,Indira Gandhi Rashtriya Uran Akademi,Fursatganj,,Uttar Pradesh,missing_explicit_district,https://igrua.gov.in
26,Bombay Flying Club,Mumbai,,Maharashtra,missing_explicit_district,https://www.bombayfc.com
27,National Flying Training Institute,Gondia,,Maharashtra,missing_explicit_district,https://nfti.aviation.gov.in
29,National Institute of Design Ahmedabad,Ahmedabad,,Gujarat,missing_explicit_district,https://www.nid.edu
30,Pearl Academy,New Delhi,,Delhi,missing_explicit_district,https://www.pearlacademy.com
31,Symbiosis Institute of Design Pune,Pune,,Maharashtra,missing_explicit_district,https://sid.edu.in
38,SP Jain Mumbai,Mumbai,,Maharashtra,missing_explicit_district,https://www.spjimr.org
48,XLRI,Jamshedpur,,Jharkhand,missing_explicit_district,https://www.xlri.ac.in
49,National Institute of Mental Health and Neuro Sciences,Bengaluru,,Karnataka,missing_explicit_district,https://nimhans.ac.in
51,University of Delhi,Delhi,,Delhi,missing_explicit_district,http://www.du.ac.in
55,Indian Statistical Institute,Kolkata,,West Bengal,missing_explicit_district,https://www.isical.ac.in
56,Chennai Mathematical Institute,Chennai,,Tamil Nadu,missing_explicit_district,https://www.cmi.ac.in
57,IIT Bombay (Mathematics),Mumbai,,Maharashtra,missing_explicit_district,https://www.math.iitb.ac.in
58,IIT Madras (Mathematics),Chennai,,Tamil Nadu,missing_explicit_district,https://math.iitm.ac.in
59,University of Hyderabad,Hyderabad,,Telangana,missing_explicit_district,http://www.uohyd.ac.in
60,Institute of Actuaries of India,Navi Mumbai,,Maharashtra,missing_explicit_district,https://www.actuariesindia.org
61,IGNOU (Actuarial Science),New Delhi,,Delhi,missing_explicit_district,https://www.ignou.ac.in
62,Amity University (Actuarial Science),Noida,,Uttar Pradesh,missing_explicit_district,https://www.amity.edu
63,Bishop Heber College,Tiruchirappalli,,Tamil Nadu,missing_explicit_district,https://www.bishopheber.ac.in
64,IIT Kanpur (Mathematics),Kanpur,,Uttar Pradesh,missing_explicit_district,https://www.iitk.ac.in/math
65,Indian Institute of Science,Bengaluru,,Karnataka,missing_explicit_district,https://www.iisc.ac.in
66,Presidency University Kolkata,Kolkata,,West Bengal,missing_explicit_district,https://www.presiuniv.ac.in
67,Institute of Chartered Accountants of India,New Delhi,,Delhi,missing_explicit_district,https://www.icai.org
68,Institute of Cost Accountants of India,Kolkata,,West Bengal,missing_explicit_district,https://icmai.in
69,Shri Ram College of Commerce (SRCC),New Delhi,,Delhi,missing_explicit_district,https://www.srcc.edu
70,Loyola College,Chennai,,Tamil Nadu,missing_explicit_district,https://www.loyolacollege.edu
71,St. Xaviers College,Mumbai,,Maharashtra,missing_explicit_district,https://xaviers.edu
72,Narsee Monjee College of Commerce and Economics,Mumbai,,Maharashtra,missing_explicit_district,https://www.nmmcms.ac.in
73,Christ University,Bangalore,,Karnataka,missing_explicit_district,https://www.christuniversity.in
74,Symbiosis College of Arts and Commerce,Pune,,Maharashtra,missing_explicit_district,https://www.symbiosiscollege.edu.in
75,Lady Shri Ram College for Women,New Delhi,,Delhi,missing_explicit_district,https://www.lsr.edu.in
76,St. Josephs College of Commerce,Bangalore,,Karnataka,missing_explicit_district,https://www.sjcc.edu.in
77,Hans Raj College,New Delhi,,Delhi,missing_explicit_district,https://www.hansrajcollege.ac.in
78,Presidency College,Chennai,,Tamil Nadu,missing_explicit_district,https://www.presidencycollege.ac.in
79,Institute of Company Secretaries of India,New Delhi,,Delhi,missing_explicit_district,https://www.icsi.edu
80,Indian Institute of Management Ahmedabad,Ahmedabad,,Gujarat,missing_explicit_district,https://www.iima.ac.in
83,"Faculty of Management Studies (FMS), University of Delhi",Delhi,,Delhi,missing_explicit_district,https://fms.edu
84,XLRI - Xavier School of Management,Jamshedpur,,Jharkhand,missing_explicit_district,https://www.xlri.ac.in
85,SP Jain Institute of Management and Research,Mumbai,,Maharashtra,missing_explicit_district,https://www.spjimr.org
86,Madras School of Economics,Chennai,,Tamil Nadu,missing_explicit_district,https://www.mse.ac.in
87,Delhi School of Economics,New Delhi,,Delhi,missing_explicit_district,https://econdse.org
88,Jamnalal Bajaj Institute of Management Studies (JBIMS),Mumbai,,Maharashtra,missing_explicit_district,https://www.jbims.edu
89,Indian Institute of Technology Delhi,New Delhi,,Delhi,missing_explicit_district,https://www.iitd.ac.in
91,IIIT Hyderabad,Hyderabad,,Telangana,missing_explicit_district,https://www.iiit.ac.in
92,National Institute of Technology Warangal,Warangal,,Telangana,missing_explicit_district,https://www.nitw.ac.in
93,National Institute of Technology Karnataka Surathkal,Surathkal,,Karnataka,missing_explicit_district,https://www.nitk.ac.in
95,Manipal Institute of Technology,Manipal,,Karnataka,missing_explicit_district,https://manipal.edu/mit.html
97,Bombay Stock Exchange (BSE) Institute,Mumbai,,Maharashtra,missing_explicit_district,https://www.bsebti.com
99,National Institute of Financial Management (NIFM),Faridabad,,Haryana,missing_explicit_district,https://www.nifm.ac.in
100,Institute of Financial Management and Research (IFMR),Chennai,,Tamil Nadu,missing_explicit_district,https://www.ifmr.ac.in
101,CFA Institute (India Chapter),Mumbai,,Maharashtra,missing_explicit_district,https://www.cfainstitute.org
103,National Institute of Design Haryana,Kurukshetra,,Haryana,missing_explicit_district,https://www.nidh.ac.in
105,Srishti Manipal Institute of Art Design and Technology,Bengaluru,,Karnataka,missing_explicit_district,https://srishti.ac.in
107,CEPT University,Ahmedabad,,Gujarat,missing_explicit_district,https://www.cept.ac.in
109,School of Planning and Architecture Bhopal,Bhopal,,Madhya Pradesh,missing_explicit_district,https://www.spabhopal.ac.in
110,Sir JJ College of Architecture,Mumbai,,Maharashtra,missing_explicit_district,https://www.sirjjarchitecture.org
111,Lovely Professional University,Phagwara,,Punjab,missing_explicit_district,https://www.lpu.in
112,MAEER MIT Institute of Design,Pune,,Maharashtra,missing_explicit_district,https://www.maeer-mitpune.ac.in
113,JJ School of Art Mumbai,Mumbai,,Maharashtra,missing_explicit_district,https://www.sirjjschoolofart.org
114,College of Architecture Trivandrum,Thiruvananthapuram,,Kerala,missing_explicit_district,https://www.cat.kerala.gov.in
115,Chandigarh College of Architecture,Chandigarh,,Chandigarh,missing_explicit_district,https://www.ccachandigarh.ac.in
116,IIT Kharagpur (Architecture),Kharagpur,,West Bengal,missing_explicit_district,https://www.iitkgp.ac.in/department/AR
117,IIT Madras (Data Science),Chennai,,Tamil Nadu,missing_explicit_district,https://study.iitm.ac.in
118,IIT Bombay (Cyber Security),Mumbai,,Maharashtra,missing_explicit_district,https://www.cse.iitb.ac.in
120,KEM Hospital Mumbai,Mumbai,,Maharashtra,missing_explicit_district,https://www.kemhospital.org
121,Rajiv Gandhi Academy for Aviation Technology,Thiruvananthapuram,,Kerala,missing_explicit_district,https://rgaat.gov.in
122,Indira Gandhi Institute of Aeronautics,Chandigarh,,Chandigarh,missing_explicit_district,https://www.igiaviationacademy.com
123,Aldine CA Classes,Mumbai,,Maharashtra,missing_explicit_district,https://www.aldineca.com
124,J.K. Shah Classes,Mumbai,,Maharashtra,missing_explicit_district,https://www.jkshahclasses.com
126,LV Prasad Film and TV Academy,Chennai,,Tamil Nadu,missing_explicit_district,https://www.lvprasadacademy.com
128,Asian Academy of Film and Television,Noida,,Uttar Pradesh,missing_explicit_district,https://www.aaft.com
129,Shankar IAS Academy,Chennai,,Tamil Nadu,missing_explicit_district,https://www.shankariastoppers.com
130,KSG India (Khan Study Group),New Delhi,,Delhi,missing_explicit_district,https://www.ksgindia.com
131,Amity University,Noida,,Uttar Pradesh,missing_explicit_district,https://www.amity.edu
132,Jamia Millia Islamia,New Delhi,,Delhi,missing_explicit_district,http://www.jmi.nic.in
133,National Defence Academy,Pune,,Maharashtra,missing_explicit_district,https://nda.nic.in
134,Indian Military Academy,Dehradun,,Uttarakhand,missing_explicit_district,https://indianarmy.nic.in
135,Indian Naval Academy,Kannur,,Kerala,missing_explicit_district,https://www.indiannavy.nic.in
136,Air Force Academy,Hyderabad,,Telangana,missing_explicit_district,https://indianairforce.nic.in
137,Officers Training Academy Chennai,Chennai,,Tamil Nadu,missing_explicit_district,https://joinindianarmy.nic.in
138,Indian Maritime University,Chennai,,Tamil Nadu,missing_explicit_district,https://www.imu.edu.in
139,T.S. Chanakya (Mumbai),Navi Mumbai,,Maharashtra,missing_explicit_district,https://www.tschanakya.ac.in
140,Marine Engineering and Research Institute (MERI),Kolkata,,West Bengal,missing_explicit_district,https://www.merikolkata.ac.in
141,Tolani Maritime Institute,Pune,,Maharashtra,missing_explicit_district,https://www.tmi.ac.in
142,Coimbatore Marine College,Coimbatore,,Tamil Nadu,missing_explicit_district,https://www.coimbatoremarinecollege.com
145,Indian Institute of Management Kozhikode,Kozhikode,,Kerala,missing_explicit_district,https://www.iimk.ac.in
146,Management Development Institute (MDI),Gurgaon,,Haryana,missing_explicit_district,https://www.mdi.ac.in
147,Indian Institute of Foreign Trade,New Delhi,,Delhi,missing_explicit_district,https://www.iift.ac.in
148,Symbiosis Institute of Business Management (SIBM),Pune,,Maharashtra,missing_explicit_district,https://www.sibmpune.edu.in
149,MICA,Ahmedabad,,Gujarat,missing_explicit_district,https://www.mica.ac.in
153,National Institute of Fashion Technology New Delhi,New Delhi,,Delhi,missing_explicit_district,https://www.nift.ac.in
154,Amity School of Fashion Technology,Noida,,Uttar Pradesh,missing_explicit_district,https://www.amity.edu/asft
156,IMT Ghaziabad,Ghaziabad,,Uttar Pradesh,missing_explicit_district,https://www.imt.edu
157,JD Institute of Fashion Technology,Bengaluru,,Karnataka,missing_explicit_district,https://www.jdinstitute.edu.in
158,Tata Institute of Social Sciences (TISS),Mumbai,,Maharashtra,missing_explicit_district,https://www.tiss.edu
159,Indian Institute of Management Ranchi,Ranchi,,Jharkhand,missing_explicit_district,https://www.iimranchi.ac.in
161,T.A. Pai Management Institute (TAPMI),Manipal,,Karnataka,missing_explicit_district,https://www.tapmi.edu.in
162,Great Lakes Institute of Management,Chennai,,Tamil Nadu,missing_explicit_district,https://www.greatlakes.edu.in
163,Indian Institute of Management Nagpur,Nagpur,,Maharashtra,missing_explicit_district,https://www.iimnagpur.ac.in
164,Indian Institute of Mass Communication New Delhi,New Delhi,,Delhi,missing_explicit_district,https://iimc.gov.in
165,Asian College of Journalism,Chennai,,Tamil Nadu,missing_explicit_district,https://www.asiancollegeofjournalism.org
166,Symbiosis Institute of Media and Communication,Pune,,Maharashtra,missing_explicit_district,https://smc.symbiosis.ac.in
167,Xavier Institute of Communications,Mumbai,,Maharashtra,missing_explicit_district,https://xaviercomm.org
168,AJK Mass Communication Research Centre JMI,New Delhi,,Delhi,missing_explicit_district,https://www.jmi.ac.in/aboutjmi/schools_centres/ajkmcrc
169,Times School of Journalism,New Delhi,,Delhi,missing_explicit_district,https://timesschoolofjournalism.com
173,West Bengal National University of Juridical Sciences,Kolkata,,West Bengal,missing_explicit_district,http://www.nujs.edu
175,Symbiosis Law School,Pune,,Maharashtra,missing_explicit_district,https://www.symbiosis.ac.in/symbiosis-law-school
176,Government Law College,Mumbai,,Maharashtra,missing_explicit_district,https://www.glcmumbai.ac.in
177,"Faculty of Law, University of Delhi",Delhi,,Delhi,missing_explicit_district,https://lawfaculty.du.ac.in
184,National School of Drama,New Delhi,,Delhi,missing_explicit_district,https://nsd.gov.in
185,Satyajit Ray Film and Television Institute,Kolkata,,West Bengal,missing_explicit_district,https://srfti.ac.in
186,Film and Television Institute of India,Pune,,Maharashtra,missing_explicit_district,https://www.ftii.ac.in
188,Faculty of Fine Arts MSU Baroda,Vadodara,,Gujarat,missing_explicit_district,https://msubaroda.ac.in/faculty-of-fine-arts
189,College of Art Delhi,New Delhi,,Delhi,missing_explicit_district,https://www.collegeofart.ac.in
190,Kala Bhavana Santiniketan,Santiniketan,,West Bengal,missing_explicit_district,https://www.visva-bharati.ac.in/Schools/KalaBhavana
191,Government College of Fine Arts Chennai,Chennai,,Tamil Nadu,missing_explicit_district,https://www.gcfachennai.ac.in
192,Indian Institute of Banking and Finance,Mumbai,,Maharashtra,missing_explicit_district,https://www.iibf.org.in
193,National Insurance Academy (NIA),Pune,,Maharashtra,missing_explicit_district,https://www.niapune.org.in
194,Insurance Institute of India,Mumbai,,Maharashtra,missing_explicit_district,https://www.insuranceinstituteofindia.com
196,Indira Gandhi Institute of Development Research (IGIDR),Mumbai,,Maharashtra,missing_explicit_district,https://www.igidr.ac.in
197,Institute of Economic Growth (IEG),New Delhi,,Delhi,missing_explicit_district,https://iegindia.org
199,School of Planning and Architecture New Delhi,New Delhi,,Delhi,missing_explicit_district,https://www.spa.ac.in
201,IIT Roorkee (Architecture),Roorkee,,Uttarakhand,missing_explicit_district,https://www.iitr.ac.in
205,School of Planning and Architecture Vijayawada,Vijayawada,,Andhra Pradesh,missing_explicit_district,https://www.spav.ac.in
206,IIT Bombay (Physics),Mumbai,,Maharashtra,missing_explicit_district,https://www.iitb.ac.in
207,IIT Madras (Physics),Chennai,,Tamil Nadu,missing_explicit_district,https://www.iitm.ac.in
209,Tata Institute of Fundamental Research (TIFR),Mumbai,,Maharashtra,missing_explicit_district,https://www.tifr.res.in
214,IIT Bombay (Chemistry),Mumbai,,Maharashtra,missing_explicit_district,https://www.iitb.ac.in
215,Institute of Chemical Technology (ICT) Mumbai,Mumbai,,Maharashtra,missing_explicit_district,https://www.ictmumbai.edu.in
217,NALSAR University of Law,Hyderabad,,Telangana,missing_explicit_district,https://www.nalsar.ac.in
218,National Law University Delhi,New Delhi,,Delhi,missing_explicit_district,https://nludelhi.ac.in
220,Gujarat National Law University,Gandhinagar,,Gujarat,missing_explicit_district,https://www.gnlu.ac.in
222,ILS Law College Pune,Pune,,Maharashtra,missing_explicit_district,https://www.ilspune.edu.in
232,Chanakya IAS Academy,New Delhi,,Delhi,missing_explicit_district,https://www.chanakya-ias.com
233,Vaid's ICS Lucknow,Lucknow,,Uttar Pradesh,missing_explicit_district,https://www.vaidicslucknow.com/
239,Banaras Hindu University,Varanasi,,Uttar Pradesh,missing_explicit_district,http://www.bhu.ac.in
240,University of Mumbai,Mumbai,,Maharashtra,missing_explicit_district,https://mu.ac.in
242,Indian Institute of Technology (Indian School of Mines) Dhanbad,Dhanbad,,Jharkhand,missing_explicit_district,https://www.iitism.ac.in
245,Andhra University (Geology),Visakhapatnam,,Andhra Pradesh,missing_explicit_district,https://www.andhrauniversity.edu.in
246,BHU (Geology),Varanasi,,Uttar Pradesh,missing_explicit_district,https://www.bhu.ac.in
249,IIT Delhi (Atmospheric Sciences),New Delhi,,Delhi,missing_explicit_district,https://www.iitd.ac.in
251,Cochin University of Science and Technology,Kochi,,Kerala,missing_explicit_district,https://cusat.ac.in
255,Goa University (Marine Science),Goa,,Goa,missing_explicit_district,https://www.unigoa.ac.in
256,Berhampur University (Marine Science),Berhampur,,Odisha,missing_explicit_district,https://www.buodisha.edu.in
258,JNU School of Social Sciences,New Delhi,,Delhi,missing_explicit_district,https://www.jnu.ac.in
260,Gokhale Institute of Politics and Economics,Pune,,Maharashtra,missing_explicit_district,https://www.gipe.ac.in
266,IIT Bombay (Electrical),Mumbai,,Maharashtra,missing_explicit_district,https://www.iitb.ac.in
267,IIT Delhi (Electrical),New Delhi,,Delhi,missing_explicit_district,https://www.iitd.ac.in
268,IIT Madras (Electrical),Chennai,,Tamil Nadu,missing_explicit_district,https://www.iitm.ac.in
269,Government Aviation Training Institute,Bhubaneswar,,Odisha,missing_explicit_district,https://www.flywithgati.com
271,JNU School of International Studies,New Delhi,,Delhi,missing_explicit_district,https://www.jnu.ac.in
273,Deccan College Pune,Pune,,Maharashtra,missing_explicit_district,https://deccancollegepune.ac.in
274,National Museum Institute,New Delhi,,Delhi,missing_explicit_district,https://www.nmi.gov.in
276,Jadavpur University,Kolkata,,West Bengal,missing_explicit_district,https://www.jaduniv.edu.in
277,English and Foreign Languages University,Hyderabad,,Telangana,missing_explicit_district,https://www.efluniversity.ac.in
279,Mahatma Gandhi Antarrashtriya Hindi Vishwavidyalaya,Wardha,,Maharashtra,missing_explicit_district,https://hindivishwa.org
281,Faculty of Music and Fine Arts Delhi University,Delhi,,Delhi,missing_explicit_district,https://www.du.ac.in
282,Bhatkhande Music Institute,Lucknow,,Uttar Pradesh,missing_explicit_district,https://www.bhatkhande.edu.in
283,ITC Sangeet Research Academy,Kolkata,,West Bengal,missing_explicit_district,https://www.itcsra.org
284,KM Music Conservatory,Chennai,,Tamil Nadu,missing_explicit_district,https://www.kmmc.in
285,Kalakshetra Foundation,Chennai,,Tamil Nadu,missing_explicit_district,https://kalakshetra.in
286,Nalanda Dance Research Centre,Mumbai,,Maharashtra,missing_explicit_district,https://www.nalandadanceresearch.org
289,Post Graduate Institute of Medical Education and Research,Chandigarh,,Chandigarh,missing_explicit_district,https://pgimer.edu.in
292,Maulana Azad Medical College,New Delhi,,Delhi,missing_explicit_district,https://www.mamc.ac.in
293,Grant Medical College Mumbai,Mumbai,,Maharashtra,missing_explicit_district,https://www.grantmedicalcollegemumbai.org
294,Maulana Azad Institute of Dental Sciences,New Delhi,,Delhi,missing_explicit_district,https://www.maids.ac.in
295,Government Dental College Mumbai,Mumbai,,Maharashtra,missing_explicit_district,https://www.gdc-mum.org
296,Manipal College of Dental Sciences,Manipal,,Karnataka,missing_explicit_district,https://mcods.manipal.edu
297,SDM College of Dental Sciences,Dharwad,,Karnataka,missing_explicit_district,https://www.sdmcds.org
300,Lakshmibai National Institute of Physical Education,Gwalior,,Madhya Pradesh,missing_explicit_district,https://www.lnipe.edu.in
301,Institute of Hotel Management Pusa New Delhi,New Delhi,,Delhi,missing_explicit_district,https://ihmpusa.net
302,Institute of Hotel Management Mumbai,Mumbai,,Maharashtra,missing_explicit_district,https://www.ihmctan.edu
303,Institute of Hotel Management Bengaluru,Bengaluru,,Karnataka,missing_explicit_district,https://ihmbangalore.ac.in
304,Oberoi Centre of Learning and Development,New Delhi,,Delhi,missing_explicit_district,https://www.oberoihotels.com/oberoi-centre-of-learning-and-development
305,Indian Institute of Tourism and Travel Management Gwalior,Gwalior,,Madhya Pradesh,missing_explicit_district,https://iittm.ac.in
306,National Institute of Event Management (NIEM),Mumbai,,Maharashtra,missing_explicit_district,https://www.niem.edu.in
307,Gujarat Ayurved University,Jamnagar,,Gujarat,missing_explicit_district,https://www.ayurvedauniversity.edu.in
308,Banaras Hindu University (Ayurveda),Varanasi,,Uttar Pradesh,missing_explicit_district,https://www.bhu.ac.in
309,National Institute of Ayurveda,Jaipur,,Rajasthan,missing_explicit_district,https://www.nia.nic.in
310,All India Institute of Ayurveda,New Delhi,,Delhi,missing_explicit_district,https://www.aiia.gov.in
311,National Institute of Homoeopathy,Kolkata,,West Bengal,missing_explicit_district,https://www.nih.nic.in
312,Dr. B.R. Sur Homoeopathic Medical College,New Delhi,,Delhi,missing_explicit_district,https://www.drbrsurhomeopathic.ac.in
313,Father Muller Homoeopathic Medical College,Mangalore,,Karnataka,missing_explicit_district,https://www.fathermullerhmc.edu.in
314,RAK College of Nursing,New Delhi,,Delhi,missing_explicit_district,https://www.rakcollegeofnursing.ac.in
315,CMC Vellore (Nursing),Vellore,,Tamil Nadu,missing_explicit_district,https://www.cmch-vellore.edu
316,AIIMS Nursing College,New Delhi,,Delhi,missing_explicit_district,https://www.aiims.edu
317,Armed Forces Medical College,Pune,,Maharashtra,missing_explicit_district,https://afmc.nic.in
318,National Institute of Pharmaceutical Education and Research Mohali,Mohali,,Punjab,missing_explicit_district,https://www.niper.gov.in
319,Jamia Hamdard (Pharmacy),New Delhi,,Delhi,missing_explicit_district,https://www.jamiahamdard.edu
320,Bombay College of Pharmacy,Mumbai,,Maharashtra,missing_explicit_district,https://www.bcp.edu.in
321,BITS Pilani (Pharmacy),Pilani,,Rajasthan,missing_explicit_district,https://www.bits-pilani.ac.in
322,Indian Veterinary Research Institute,Bareilly,,Uttar Pradesh,missing_explicit_district,https://ivri.nic.in
323,Bombay Veterinary College,Mumbai,,Maharashtra,missing_explicit_district,https://www.mvsc.ac.in
324,Madras Veterinary College,Chennai,,Tamil Nadu,missing_explicit_district,https://www.tanuvas.ac.in
325,College of Veterinary Science Hyderabad,Hyderabad,,Telangana,missing_explicit_district,https://www.pvcafsc.telangana.gov.in
326,KGMU Lucknow (Physiotherapy),Lucknow,,Uttar Pradesh,missing_explicit_district,https://www.kgmu.org
327,CMC Vellore (Physiotherapy),Vellore,,Tamil Nadu,missing_explicit_district,https://www.cmch-vellore.edu
328,AIIMS (Physiotherapy),New Delhi,,Delhi,missing_explicit_district,https://www.aiims.edu
330,JNU (Biotechnology),New Delhi,,Delhi,missing_explicit_district,https://www.jnu.ac.in
331,IIT Delhi (Biotechnology),New Delhi,,Delhi,missing_explicit_district,https://www.iitd.ac.in
332,Wildlife Institute of India,Dehradun,,Uttarakhand,missing_explicit_district,https://wii.gov.in
333,Forest Research Institute (FRI),Dehradun,,Uttarakhand,missing_explicit_district,https://www.icfre.gov.in/fri.html
334,Indian Institute of Forest Management,Bhopal,,Madhya Pradesh,missing_explicit_district,https://iifm.ac.in
335,LNJN National Institute of Criminology and Forensic Science,New Delhi,,Delhi,missing_explicit_district,https://www.nicfs.gov.in
336,National Forensic Sciences University,Gandhinagar,,Gujarat,missing_explicit_district,https://www.nfsu.ac.in
338,Central Food Technological Research Institute (CFTRI),Mysuru,,Karnataka,missing_explicit_district,https://www.cftri.res.in
339,National Institute of Food Technology Entrepreneurship and Management Kundli,Sonipat,,Haryana,missing_explicit_district,https://www.niftem.ac.in
340,Indian Agricultural Research Institute,New Delhi,,Delhi,missing_explicit_district,https://www.iari.res.in
341,Tamil Nadu Agricultural University,Coimbatore,,Tamil Nadu,missing_explicit_district,http://www.tnau.ac.in
342,Punjab Agricultural University,Ludhiana,,Punjab,missing_explicit_district,https://www.pau.edu
343,G.B. Pant University of Agriculture and Technology,Pantnagar,,Uttarakhand,missing_explicit_district,http://www.gbpuat.ac.in
344,University of Agricultural Sciences Bangalore,Bengaluru,,Karnataka,missing_explicit_district,http://www.uasbangalore.edu.in
345,Lady Hardinge Medical College,New Delhi,,Delhi,missing_explicit_district,https://www.lhmc.edu.in
346,Christian Medical College Ludhiana,Ludhiana,,Punjab,missing_explicit_district,https://www.cmcludhiana.in
347,Lotus Eye Hospital and Institute,Coimbatore,,Tamil Nadu,missing_explicit_district,https://www.lotuseyehospital.com
348,Elite School of Optometry Chennai,Chennai,,Tamil Nadu,missing_explicit_district,https://www.sndt.edu.in
349,LV Prasad Eye Institute,Hyderabad,,Telangana,missing_explicit_district,https://www.lvpei.org
350,Bharati Vidyapeeth (Optometry),Pune,,Maharashtra,missing_explicit_district,https://www.bharatividyapeeth.edu
352,IIT Bombay (ECE),Mumbai,,Maharashtra,missing_explicit_district,https://www.iitb.ac.in
353,IIT Madras (ECE),Chennai,,Tamil Nadu,missing_explicit_district,https://www.iitm.ac.in
354,IIT Bombay (Mechanical),Mumbai,,Maharashtra,missing_explicit_district,https://www.iitb.ac.in
355,IIT Madras (Mechanical),Chennai,,Tamil Nadu,missing_explicit_district,https://www.iitm.ac.in
356,IIT Bombay (Civil),Mumbai,,Maharashtra,missing_explicit_district,https://www.iitb.ac.in
357,IIT Madras (Civil),Chennai,,Tamil Nadu,missing_explicit_district,https://www.iitm.ac.in
358,IIT Bombay (Chemical),Mumbai,,Maharashtra,missing_explicit_district,https://www.iitb.ac.in
359,IIT Madras (Aerospace),Chennai,,Tamil Nadu,missing_explicit_district,https://www.iitm.ac.in
360,IIT Bombay (Aerospace),Mumbai,,Maharashtra,missing_explicit_district,https://www.iitb.ac.in
361,Indian Institute of Space Science and Technology (IIST),Thiruvananthapuram,,Kerala,missing_explicit_district,https://www.iist.ac.in
362,IIT Kharagpur (ECE),Kharagpur,,West Bengal,missing_explicit_district,https://www.iitkgp.ac.in
363,IIT Delhi (Chemical),New Delhi,,Delhi,missing_explicit_district,https://www.iitd.ac.in
364,Indian Institute of Petroleum Dehradun,Dehradun,,Uttarakhand,missing_explicit_district,https://www.iip.res.in
365,IIT Guwahati (Biotech),Guwahati,,Assam,missing_explicit_district,https://www.iitg.ac.in
366,Banaras Hindu University (Veterinary Science),Varanasi,,Uttar Pradesh,missing_explicit_district,https://www.bhu.ac.in
367,Government Polytechnic Mumbai,Mumbai,,Maharashtra,missing_explicit_district,https://gpmumbai.ac.in
368,PSG Polytechnic College,Coimbatore,,Tamil Nadu,missing_explicit_district,https://www.psgpolytech.ac.in
369,Indian Institute of Management Calcutta,Kolkata,,West Bengal,missing_explicit_district,https://www.iimcal.ac.in
370,Indian Institute of Management Bangalore,Bengaluru,,Karnataka,missing_explicit_district,https://www.iimb.ac.in
371,Indian School of Business,Hyderabad,,Telangana,missing_explicit_district,https://www.isb.edu
372,Indian Institute of Management Tiruchirappalli,Tiruchirappalli,,Tamil Nadu,missing_explicit_district,https://www.iimtrichy.ac.in
374,Indian Institute of Technology Madras,Chennai,,Tamil Nadu,missing_explicit_district,https://www.iitm.ac.in
375,Indian Institute of Technology Kharagpur,Kharagpur,,West Bengal,missing_explicit_district,https://www.iitkgp.ac.in
376,International Institute of Information Technology Bangalore,Bangalore,,Karnataka,missing_explicit_district,https://www.iiitb.ac.in
377,Kerala Blockchain Academy,Thiruvananthapuram,,Kerala,missing_explicit_district,https://kba.ai
379,International College of Financial Planning,New Delhi,,Delhi,missing_explicit_district,https://www.iifponline.com
380,National Institute of Securities Markets,Rasayani,,Maharashtra,missing_explicit_district,https://www.nism.ac.in
381,Indian Institute of Management Lucknow,Lucknow,,Uttar Pradesh,missing_explicit_district,https://www.iiml.ac.in
382,Thadomal Shahani Centre for Management,Mumbai,,Maharashtra,missing_explicit_district,https://www.tscfm.org
383,Pune Institute of Business Management,Pune,,Maharashtra,missing_explicit_district,https://www.pibm.in
384,Symbiosis School of Sports Sciences,Pune,,Maharashtra,missing_explicit_district,https://www.symbiosis.ac.in
385,Netaji Subhas National Institute of Sports,Patiala,,Punjab,missing_explicit_district,https://sportsauthorityofindia.nic.in
386,National Academy of Sports Management,Mumbai,,Maharashtra,missing_explicit_district,https://www.nasm.org.in
387,International Institute of Sports Management (IISM),Mumbai,,Maharashtra,missing_explicit_district,https://iismworld.com/
388,K.J. Somaiya Institute of Management,Mumbai,,Maharashtra,missing_explicit_district,https://simsr.somaiya.edu
389,National Law School of India University,Bengaluru,,Karnataka,missing_explicit_district,https://www.nls.ac.in
392,National University of Advanced Legal Studies,Kochi,,Kerala,missing_explicit_district,http://www.nuals.ac.in
393,"University School of Law and Legal Studies, GGSIPU",New Delhi,,Delhi,missing_explicit_district,https://www.ipu.ac.in
394,National Sports University,Imphal,,Manipur,missing_explicit_district,https://www.nsu.ac.in
395,Swarnim Gujarat Sports University,Gandhinagar,,Gujarat,missing_explicit_district,https://www.sgsu.ac.in
396,Tamil Nadu Physical Education and Sports University,Chennai,,Tamil Nadu,missing_explicit_district,https://www.tnpesu.ac.in
398,Guru Nanak Dev University,Amritsar,,Punjab,missing_explicit_district,https://www.gndu.ac.in
399,K11 Fitness Academy,Mumbai,,Maharashtra,missing_explicit_district,https://www.k11academy.com
400,ACFIT Academy (NASM India Partner),Mumbai,,Maharashtra,missing_explicit_district,https://www.acfit.in
401,Integrated Fitness and Sports Institute (IFSI),Mumbai,,Maharashtra,missing_explicit_district,https://www.ifsi.in
402,Classic Fitness Academy,Mumbai,,Maharashtra,missing_explicit_district,https://www.classicfitnessacademy.com
403,International Institute of Fitness Excellence and Management (IIFEM),New Delhi,,Delhi,missing_explicit_district,https://www.iifem.com/
404,Frankfinn Institute of Air Hostess Training,New Delhi,,Delhi,missing_explicit_district,https://www.frankfinn.com
406,Avalon Aviation Academy,Mumbai,,Maharashtra,missing_explicit_district,https://www.avalonaviation.in
407,Aptech Aviation Academy,Mumbai,,Maharashtra,missing_explicit_district,https://www.aptechaviation.com
408,School of Aeronautics,New Delhi,,Delhi,missing_explicit_district,https://www.schoolofaeronautics.in
409,"Rajiv Gandhi School of Intellectual Property Law, IIT Kharagpur",Kharagpur,,West Bengal,missing_explicit_district,https://www.iitkgp.ac.in/department/IP
412,National Institute for Empowerment of Persons with Multiple Disabilities,Chennai,,Tamil Nadu,missing_explicit_district,https://niepmd.nic.in
413,Ali Yavar Jung National Institute of Speech and Hearing Disabilities,Mumbai,,Maharashtra,missing_explicit_district,https://ayjnishd.nic.in
414,Jamia Millia Islamia - Department of Educational Studies,New Delhi,,Delhi,missing_explicit_district,https://www.jmi.ac.in
415,SNDT Women's University,Mumbai,,Maharashtra,missing_explicit_district,https://www.sndt.edu.in
416,Banaras Hindu University - Faculty of Education,Varanasi,,Uttar Pradesh,missing_explicit_district,https://www.bhu.ac.in
419,Amity Institute of Psychology and Allied Sciences,Noida,,Uttar Pradesh,missing_explicit_district,https://www.amity.edu
420,Jamia Millia Islamia - Department of Psychology,New Delhi,,Delhi,missing_explicit_district,https://www.jmi.ac.in
421,Christ University - Department of Psychology,Bengaluru,,Karnataka,missing_explicit_district,https://christuniversity.in
423,"Industrial Design Centre (IDC), IIT Bombay",Mumbai,,Maharashtra,missing_explicit_district,https://www.idc.iitb.ac.in
424,Whistling Woods International,Mumbai,,Maharashtra,missing_explicit_district,https://www.whistlingwoods.net
426,MIT Institute of Design,Pune,,Maharashtra,missing_explicit_district,https://www.mitid.edu.in
427,Centurion Defence Academy,Lucknow,,Uttar Pradesh,missing_explicit_district,https://www.centuriondefence.in
428,Doon Defence Academy,Dehradun,,Uttarakhand,missing_explicit_district,https://www.doondefenceacademy.com
429,Delta Defence Academy,Dehradun,,Uttarakhand,missing_explicit_district,https://www.deltadefenceacademy.com
430,Target Defence Academy,Lucknow,,Uttar Pradesh,missing_explicit_district,https://www.targetdefenceacademy.com
431,Trident Academy,Pune,,Maharashtra,missing_explicit_district,https://www.tridentacademy.in
432,SAFAL Academy,New Delhi,,Delhi,missing_explicit_district,https://www.safalacademy.com
435,Jindal Global Law School,Sonipat,,Haryana,missing_explicit_district,https://jgls.edu.in
442,Indian Institute of Technology Kanpur,Kanpur,,Uttar Pradesh,missing_explicit_district,https://www.iitk.ac.in
444,Indian Institute of Technology Bombay,Mumbai,,Maharashtra,missing_explicit_district,https://www.iitb.ac.in
450,Bennett University,Greater Noida,,Uttar Pradesh,missing_explicit_district,https://www.bennett.edu.in
451,SRM Institute of Science and Technology,Chennai,,Tamil Nadu,missing_explicit_district,https://www.srmist.edu.in
452,IIT Kanpur - E&ICT Academy,Kanpur,,Uttar Pradesh,missing_explicit_district,https://www.iitk.ac.in
455,IIT Guwahati - Centre for Drone Technology,Guwahati,,Assam,missing_explicit_district,https://www.iitg.ac.in
456,IITRAM Ahmedabad,Ahmedabad,,Gujarat,missing_explicit_district,https://www.iitram.ac.in
457,Vel Tech Chennai,Chennai,,Tamil Nadu,missing_explicit_district,https://www.veltech.edu.in
458,Indian Institute of Drone Technology (IIDT),Sehore,,Madhya Pradesh,missing_explicit_district,https://www.iidt.edu.in
459,Presidency University,Bangalore,,Karnataka,missing_explicit_district,https://presidencyuniversity.in
460,IIT Madras - CBEEV,Chennai,,Tamil Nadu,missing_explicit_district,https://www.iitm.ac.in
461,IIT Delhi - CART,New Delhi,,Delhi,missing_explicit_district,https://www.iitd.ac.in
462,National Institute of Technology Calicut,Kozhikode,,Kerala,missing_explicit_district,https://www.nitc.ac.in
463,Delhi Technological University,New Delhi,,Delhi,missing_explicit_district,https://www.dtu.ac.in
464,Chandigarh University,Mohali,,Punjab,missing_explicit_district,https://www.cuchd.in
465,IIT Bombay - Department of Energy Science and Engineering,Mumbai,,Maharashtra,missing_explicit_district,https://www.iitb.ac.in
466,National Institute of Solar Energy (NISE),Gurugram,,Haryana,missing_explicit_district,https://www.nise.res.in
467,TERI School of Advanced Studies,New Delhi,,Delhi,missing_explicit_district,https://www.teri.res.in
468,Indian Institute of Technology Roorkee,Roorkee,,Uttarakhand,missing_explicit_district,https://www.iitr.ac.in
469,Garuda Aerospace RPTO,Chennai,,Tamil Nadu,missing_explicit_district,https://www.garudaaerospace.com
471,Pavaman Aviation RPTO,Hyderabad,,Telangana,missing_explicit_district,https://www.pavamanaero.com
472,Berry Avionics RPTO,Pune,,Maharashtra,missing_explicit_district,https://www.berryavionics.com
473,DroneAcharya RPTO at IIT Ropar,Ropar,,Punjab,missing_explicit_district,https://www.droneacharya.com
477,IIT Kharagpur - Agricultural & Food Engineering,Kharagpur,,West Bengal,missing_explicit_district,https://www.iitkgp.ac.in
478,MANAGE Hyderabad,Hyderabad,,Telangana,missing_explicit_district,https://www.manage.gov.in
479,IIM Lucknow - PGP-SM,Noida,,Uttar Pradesh,missing_explicit_district,https://www.iiml.ac.in
480,Indian Institute of Corporate Affairs (IICA),Manesar,,Haryana,missing_explicit_district,https://www.iica.in
483,TERI - The Energy and Resources Institute,New Delhi,,Delhi,missing_explicit_district,https://www.teri.res.in
484,Indian Green Building Council (IGBC),Hyderabad,,Telangana,missing_explicit_district,https://www.igbc.in
544,Maharaja Ganga Singh Dental College & Research Centre,Sri Ganganagar,Sri Ganganagar,Rajasthan,district_not_found_in_current_lgd,https://mgsdentalcollege.org/
578,Surendera Dental College and Research Institute,Ganganagar,Sri Ganganagar,Rajasthan,district_not_found_in_current_lgd,https://sdcri.in/
600,"Govt. P.G. College, Dhaulpur",Dhaulpur,Dhaulpur,Rajasthan,district_not_found_in_current_lgd,https://dceapp.rajasthan.gov.in/
610,Ch. Balluram Godara Government Girls College,Sri Ganganagar,Sri Ganganagar,Rajasthan,district_not_found_in_current_lgd,https://dceapp.rajasthan.gov.in/
651,"Govt. College, Kasrawad",kasrawad,Khargone,Madhya Pradesh,district_not_found_in_current_lgd,https://highereducation.mp.gov.in/?orgid=258
678,All India Institute of Medical Sciences Raebareli,Raebareli,Raebareli,Uttar Pradesh,district_not_found_in_current_lgd,https://www.aiimsrbl.edu.in
687,"CHAUDHARY CHARAN SINGH DEGREE COLLEGE, HEWARA,","Saifai, Etawah District",Etawah District,Uttar Pradesh,district_not_found_in_current_lgd,https://www.ccspg.org/
711,Shri Ramswaroop Memorial University,Barabanki,Barabanki,Uttar Pradesh,district_not_found_in_current_lgd,https://srmu.ac.in/
716,"Government Polytechnic, Kursi Road, Barabanki",Barabanki,Barabanki,Uttar Pradesh,district_not_found_in_current_lgd,https://gpkursibbk.com/
721,Indian Institute of Technology Guwahati,Guwahati,,Assam,missing_explicit_district,https://www.iitg.ac.in
722,Indian Institute of Technology Bhubaneswar,Bhubaneswar,,Odisha,missing_explicit_district,https://www.iitbbs.ac.in
723,Indian Institute of Technology Hyderabad,Hyderabad,,Telangana,missing_explicit_district,https://www.iith.ac.in
724,Indian Institute of Technology Patna,Patna,,Bihar,missing_explicit_district,https://www.iitp.ac.in
725,Indian Institute of Technology Gandhinagar,Gandhinagar,,Gujarat,missing_explicit_district,https://www.iitgn.ac.in
726,Indian Institute of Technology Ropar,Rupnagar,,Punjab,missing_explicit_district,https://www.iitrpr.ac.in
727,Indian Institute of Technology Mandi,Mandi,,Himachal Pradesh,missing_explicit_district,https://www.iitmandi.ac.in
728,Indian Institute of Technology (Banaras Hindu University) Varanasi,Varanasi,,Uttar Pradesh,missing_explicit_district,https://www.iitbhu.ac.in
729,Indian Institute of Technology Palakkad,Palakkad,,Kerala,missing_explicit_district,https://iitpkd.ac.in
730,Indian Institute of Technology Tirupati,Tirupati,,Andhra Pradesh,missing_explicit_district,https://www.iittp.ac.in
731,Indian Institute of Technology Bhilai,Durg,,Chhattisgarh,missing_explicit_district,https://www.iitbhilai.ac.in
732,Indian Institute of Technology Goa,Ponda,,Goa,missing_explicit_district,https://www.iitgoa.ac.in
733,Indian Institute of Technology Jammu,Jammu,,Jammu and Kashmir,missing_explicit_district,https://www.iitjammu.ac.in
734,Indian Institute of Technology Dharwad,Dharwad,,Karnataka,missing_explicit_district,https://www.iitdh.ac.in
735,Indian Institute of Management Mumbai,Mumbai,,Maharashtra,missing_explicit_district,https://www.iimmumbai.ac.in
736,Indian Institute of Management Raipur,Raipur,,Chhattisgarh,missing_explicit_district,https://www.iimraipur.ac.in
737,Indian Institute of Management Rohtak,Rohtak,,Haryana,missing_explicit_district,https://www.iimrohtak.ac.in
738,Indian Institute of Management Kashipur,Kashipur,,Uttarakhand,missing_explicit_district,https://www.iimkashipur.ac.in
739,Indian Institute of Management Visakhapatnam,Visakhapatnam,,Andhra Pradesh,missing_explicit_district,https://www.iimv.ac.in
740,Indian Institute of Management Bodh Gaya,Gaya,,Bihar,missing_explicit_district,https://www.iimbg.ac.in
741,Indian Institute of Management Jammu,Jammu,,Jammu and Kashmir,missing_explicit_district,https://www.iimj.ac.in
742,Indian Institute of Management Sambalpur,Sambalpur,,Odisha,missing_explicit_district,https://www.iimsambalpur.ac.in
743,Indian Institute of Management Shillong,Shillong,,Meghalaya,missing_explicit_district,https://www.iimshillong.ac.in
744,Indian Institute of Management Sirmaur,Sirmaur,,Himachal Pradesh,missing_explicit_district,https://www.iimsirmaur.ac.in
745,Indian Institute of Management Amritsar,Amritsar,,Punjab,missing_explicit_district,https://www.iimamritsar.ac.in
746,Indian Institute of Management Guwahati,Guwahati,,Assam,missing_explicit_district,
747,All India Institute of Medical Sciences Bhopal,Bhopal,,Madhya Pradesh,missing_explicit_district,https://www.aiimsbhopal.edu.in
748,All India Institute of Medical Sciences Bhubaneswar,Khordha,,Odisha,missing_explicit_district,https://aiimsbhubaneswar.nic.in
749,All India Institute of Medical Sciences Patna,Patna,,Bihar,missing_explicit_district,https://aiimspatna.edu.in
750,All India Institute of Medical Sciences Raipur,Raipur,,Chhattisgarh,missing_explicit_district,https://aiimsraipur.edu.in
751,All India Institute of Medical Sciences Rishikesh,Rishikesh,,Uttarakhand,missing_explicit_district,https://aiimsrishikesh.edu.in
752,All India Institute of Medical Sciences Mangalagiri,Mangalagiri,,Andhra Pradesh,missing_explicit_district,https://www.aiimsmangalagiri.edu.in
753,All India Institute of Medical Sciences Guwahati,Guwahati,,Assam,missing_explicit_district,https://aiimsguwahati.ac.in
755,All India Institute of Medical Sciences Rajkot,Rajkot,,Gujarat,missing_explicit_district,https://www.aiimsrajkot.edu.in
757,All India Institute of Medical Sciences Bilaspur,Bilaspur,,Himachal Pradesh,missing_explicit_district,https://www.aiimsbilaspur.edu.in
758,All India Institute of Medical Sciences Jammu,Vijaypur,,Jammu and Kashmir,missing_explicit_district,https://www.aiimsjammu.edu.in
760,All India Institute of Medical Sciences Deoghar,Deoghar,,Jharkhand,missing_explicit_district,https://www.aiimsdeoghar.edu.in
761,All India Institute of Medical Sciences Nagpur,Nagpur,,Maharashtra,missing_explicit_district,https://www.aiimsnagpur.edu.in
762,All India Institute of Medical Sciences Bathinda,Bathinda,,Punjab,missing_explicit_district,https://www.aiimsbathinda.edu.in
763,All India Institute of Medical Sciences Madurai,Madurai,,Tamil Nadu,missing_explicit_district,https://www.aiimsmadurai.edu.in
764,All India Institute of Medical Sciences Bibinagar,Bibinagar,,Telangana,missing_explicit_district,https://aiimsbibinagar.edu.in
765,All India Institute of Medical Sciences Gorakhpur,Gorakhpur,,Uttar Pradesh,missing_explicit_district,https://aiimsgorakhpur.edu.in
766,All India Institute of Medical Sciences Kalyani,Kalyani,,West Bengal,missing_explicit_district,https://www.aiimskalyani.edu.in
767,Indian Institute of Science Education and Research Kolkata,Mohanpur,,West Bengal,missing_explicit_district,https://www.iiserkol.ac.in
768,Indian Institute of Science Education and Research Pune,Pune,,Maharashtra,missing_explicit_district,https://www.iiserpune.ac.in
769,Indian Institute of Science Education and Research Mohali,Mohali,,Punjab,missing_explicit_district,https://www.iisermohali.ac.in
770,Indian Institute of Science Education and Research Thiruvananthapuram,Thiruvananthapuram,,Kerala,missing_explicit_district,https://www.iisertvm.ac.in
771,Indian Institute of Science Education and Research Tirupati,Tirupati,,Andhra Pradesh,missing_explicit_district,https://www.iisertirupati.ac.in
772,Indian Institute of Science Education and Research Berhampur,Berhampur,,Odisha,missing_explicit_district,https://www.iiserbpr.ac.in
773,National Institute of Science Education and Research,Jatni,,Odisha,missing_explicit_district,https://www.niser.ac.in
774,National Institute of Pharmaceutical Education and Research Ahmedabad,Gandhinagar,,Gujarat,missing_explicit_district,https://niperahm.ac.in
775,National Institute of Pharmaceutical Education and Research Hyderabad,Hyderabad,,Telangana,missing_explicit_district,https://www.niperhyd.ac.in
776,National Institute of Pharmaceutical Education and Research Kolkata,Kolkata,,West Bengal,missing_explicit_district,https://niperkolkata.edu.in
777,National Institute of Pharmaceutical Education and Research Guwahati,Guwahati,,Assam,missing_explicit_district,https://www.niperguwahati.ac.in
778,National Institute of Pharmaceutical Education and Research Raebareli,Lucknow,,Uttar Pradesh,missing_explicit_district,https://www.niperraebareli.edu.in
779,National Institute of Pharmaceutical Education and Research Hajipur,Hajipur,,Bihar,missing_explicit_district,https://niperhajipur.ac.in
780,National Institute of Design Andhra Pradesh,Amaravati,,Andhra Pradesh,missing_explicit_district,https://nid.ac.in
781,National Institute of Design Madhya Pradesh,Bhopal,,Madhya Pradesh,missing_explicit_district,https://nidmp.ac.in
782,National Institute of Design Assam,Jorhat,,Assam,missing_explicit_district,https://nidj.ac.in
783,National Institute of Food Technology Entrepreneurship and Management Thanjavur,Thanjavur,,Tamil Nadu,missing_explicit_district,https://www.niftem-t.ac.in
784,Institute of Teaching and Research in Ayurveda,Jamnagar,,Gujarat,missing_explicit_district,https://www.itra.edu.in
785,Rashtriya Raksha University,Gandhinagar,,Gujarat,missing_explicit_district,https://www.rru.ac.in
786,National Institute of Technology Agartala,Agartala,,Tripura,missing_explicit_district,https://www.nita.ac.in
787,National Institute of Technology Mizoram,Aizawl,,Mizoram,missing_explicit_district,https://www.nitmz.ac.in
788,Motilal Nehru National Institute of Technology Allahabad,Prayagraj,,Uttar Pradesh,missing_explicit_district,https://www.mnnit.ac.in
789,National Institute of Technology Delhi,Delhi,,Delhi,missing_explicit_district,https://nitdelhi.ac.in
790,National Institute of Technology Nagaland,Dimapur,,Nagaland,missing_explicit_district,https://www.nitnagaland.ac.in
791,National Institute of Technology Durgapur,Durgapur,,West Bengal,missing_explicit_district,https://nitdgp.ac.in
792,National Institute of Technology Uttarakhand,Srinagar (Garhwal),,Uttarakhand,missing_explicit_district,https://www.nituk.ac.in
793,National Institute of Technology Goa,Cuncolim,,Goa,missing_explicit_district,https://www.nitgoa.ac.in
794,National Institute of Technology Hamirpur,Hamirpur,,Himachal Pradesh,missing_explicit_district,https://www.nith.ac.in
795,National Institute of Technology Manipur,Imphal,,Manipur,missing_explicit_district,https://nitmanipur.ac.in
796,Dr B R Ambedkar National Institute of Technology Jalandhar,Jalandhar,,Punjab,missing_explicit_district,https://www.nitj.ac.in
797,National Institute of Technology Jamshedpur,Jamshedpur,,Jharkhand,missing_explicit_district,https://nitjsr.ac.in
798,National Institute of Technology Puducherry,Karaikal,,Puducherry,missing_explicit_district,https://nitpy.ac.in
799,National Institute of Technology Kurukshetra,Kurukshetra,,Haryana,missing_explicit_district,https://www.nitkkr.ac.in
800,Visvesvaraya National Institute of Technology Nagpur,Nagpur,,Maharashtra,missing_explicit_district,https://www.vnit.ac.in
801,National Institute of Technology Patna,Patna,,Bihar,missing_explicit_district,https://www.nitp.ac.in
802,National Institute of Technology Raipur,Raipur,,Chhattisgarh,missing_explicit_district,https://www.nitrr.ac.in
803,National Institute of Technology Rourkela,Rourkela,,Odisha,missing_explicit_district,https://www.nitrkl.ac.in
804,National Institute of Technology Meghalaya,Shillong,,Meghalaya,missing_explicit_district,https://www.nitm.ac.in
805,National Institute of Technology Silchar,Silchar,,Assam,missing_explicit_district,https://www.nits.ac.in
806,National Institute of Technology Sikkim,Ravangla,,Sikkim,missing_explicit_district,https://www.nitsikkim.ac.in
807,National Institute of Technology Srinagar,Srinagar,,Jammu and Kashmir,missing_explicit_district,https://nitsri.ac.in
808,Sardar Vallabhbhai National Institute of Technology Surat,Surat,,Gujarat,missing_explicit_district,https://www.svnit.ac.in
809,National Institute of Technology Andhra Pradesh,Tadepalligudem,,Andhra Pradesh,missing_explicit_district,https://www.nitandhra.ac.in
810,National Institute of Technology Arunachal Pradesh,Itanagar,,Arunachal Pradesh,missing_explicit_district,https://www.nitap.ac.in
811,Indian Institute of Engineering Science and Technology Shibpur,Howrah,,West Bengal,missing_explicit_district,https://www.iiests.ac.in
812,Indian Institute of Information Technology Allahabad,Prayagraj,,Uttar Pradesh,missing_explicit_district,https://www.iiita.ac.in
813,Pandit Dwarka Prasad Mishra Indian Institute of Information Technology Design and Manufacturing Jabalpur,Jabalpur,,Madhya Pradesh,missing_explicit_district,https://www.iiitdmj.ac.in
814,Indian Institute of Information Technology Design and Manufacturing Kancheepuram,Chennai,,Tamil Nadu,missing_explicit_district,https://www.iiitdm.ac.in
815,Indian Institute of Information Technology Design and Manufacturing Kurnool,Kurnool,,Andhra Pradesh,missing_explicit_district,https://iiitk.ac.in
816,Indian Institute of Information Technology Sri City,Sri City,,Andhra Pradesh,missing_explicit_district,https://iiits.ac.in
817,Indian Institute of Information Technology Guwahati,Guwahati,,Assam,missing_explicit_district,https://www.iiitg.ac.in
818,Indian Institute of Information Technology Vadodara,Vadodara,,Gujarat,missing_explicit_district,https://iiitvadodara.ac.in
819,Indian Institute of Information Technology Sonepat,Sonepat,,Haryana,missing_explicit_district,https://www.iiitsonepat.ac.in
820,Indian Institute of Information Technology Una,Una,,Himachal Pradesh,missing_explicit_district,https://www.iiitu.ac.in
821,Indian Institute of Information Technology Ranchi,Ranchi,,Jharkhand,missing_explicit_district,https://www.iiitranchi.ac.in
822,Indian Institute of Information Technology Dharwad,Dharwad,,Karnataka,missing_explicit_district,https://www.iiitdwd.ac.in
823,Indian Institute of Information Technology Kottayam,Kottayam,,Kerala,missing_explicit_district,https://www.iiitkottayam.ac.in
824,Indian Institute of Information Technology Nagpur,Nagpur,,Maharashtra,missing_explicit_district,https://www.iiitn.ac.in
825,Indian Institute of Information Technology Pune,Pune,,Maharashtra,missing_explicit_district,https://www.iiitp.ac.in
826,Indian Institute of Information Technology Senapati Manipur,Senapati,,Manipur,missing_explicit_district,https://www.iiitmanipur.ac.in
827,Indian Institute of Information Technology Tiruchirappalli,Tiruchirappalli,,Tamil Nadu,missing_explicit_district,https://www.iiitt.ac.in
828,Indian Institute of Information Technology Lucknow,Lucknow,,Uttar Pradesh,missing_explicit_district,https://iiitl.ac.in
829,Indian Institute of Information Technology Kalyani,Kalyani,,West Bengal,missing_explicit_district,https://iiitkalyani.ac.in
830,Indian Institute of Information Technology Bhagalpur,Bhagalpur,,Bihar,missing_explicit_district,https://www.iiitbh.ac.in
831,Indian Institute of Information Technology Surat,Surat,,Gujarat,missing_explicit_district,https://www.iiitsurat.ac.in
832,Indian Institute of Information Technology Raichur,Raichur,,Karnataka,missing_explicit_district,https://iiitr.ac.in
833,Indian Institute of Information Technology Bhopal,Bhopal,,Madhya Pradesh,missing_explicit_district,https://www.iiitbhopal.ac.in
834,Indian Institute of Information Technology Agartala,Agartala,,Tripura,missing_explicit_district,https://iiitagartala.ac.in
835,Assam University,Silchar,,Assam,missing_explicit_district,http://www.aus.ac.in
836,Babasaheb Bhimrao Ambedkar University,Lucknow,,Uttar Pradesh,missing_explicit_district,http://www.bbau.ac.in
837,Central Agricultural University,Imphal,,Manipur,missing_explicit_district,https://cau.ac.in
838,Central Sanskrit University,New Delhi,,Delhi,missing_explicit_district,http://www.sanskrit.nic.in
839,Central Tribal University of Andhra Pradesh,Vizianagaram,,Andhra Pradesh,missing_explicit_district,https://www.ctuap.ac.in
840,Central University of Andhra Pradesh,Anantapur,,Andhra Pradesh,missing_explicit_district,https://cuap.ac.in
841,Central University of Gujarat,Gandhinagar,,Gujarat,missing_explicit_district,https://www.cug.ac.in
842,Central University of Haryana,Mahendergarh,,Haryana,missing_explicit_district,http://www.cuh.ac.in
843,Central University of Himachal Pradesh,Dharamshala,,Himachal Pradesh,missing_explicit_district,http://www.cuhimachal.ac.in
844,Central University of Jammu,Samba,,Jammu and Kashmir,missing_explicit_district,http://www.cujammu.ac.in
845,Central University of Jharkhand,Ranchi,,Jharkhand,missing_explicit_district,http://www.cuj.ac.in
846,Central University of Karnataka,Kalaburagi,,Karnataka,missing_explicit_district,http://www.cuk.ac.in
847,Central University of Kashmir,Ganderbal,,Jammu and Kashmir,missing_explicit_district,http://www.cukashmir.ac.in
848,Central University of Kerala,Kasaragod,,Kerala,missing_explicit_district,https://www.cukerala.ac.in
849,Central University of Odisha,Koraput,,Odisha,missing_explicit_district,http://cuo.ac.in
850,Central University of Punjab,Bathinda,,Punjab,missing_explicit_district,http://www.cup.ac.in
851,Central University of South Bihar,Gaya,,Bihar,missing_explicit_district,https://www.cusb.ac.in
852,Central University of Tamil Nadu,Tiruvarur,,Tamil Nadu,missing_explicit_district,https://cutn.ac.in
853,Dr. Harisingh Gour Vishwavidyalaya,Sagar,,Madhya Pradesh,missing_explicit_district,https://dhsgsu.edu.in
854,Dr. Rajendra Prasad Central Agricultural University,Pusa,,Bihar,missing_explicit_district,https://www.rpcau.ac.in
855,Gati Shakti Vishwavidyalaya,Vadodara,,Gujarat,missing_explicit_district,https://gsv.ac.in
856,Guru Ghasidas Vishwavidyalaya,Bilaspur,,Chhattisgarh,missing_explicit_district,http://www.ggu.ac.in
857,Hemvati Nandan Bahuguna Garhwal University,Srinagar (Garhwal),,Uttarakhand,missing_explicit_district,http://www.hnbgu.ac.in
858,Indira Gandhi National Open University,New Delhi,,Delhi,missing_explicit_district,http://www.ignou.ac.in
859,Jawaharlal Nehru University,New Delhi,,Delhi,missing_explicit_district,http://www.jnu.ac.in
860,Mahatma Gandhi Central University,Motihari,,Bihar,missing_explicit_district,http://www.mgcub.ac.in
861,Manipur University,Imphal,,Manipur,missing_explicit_district,https://www.manipuruniv.ac.in
862,Maulana Azad National Urdu University,Hyderabad,,Telangana,missing_explicit_district,https://manuu.edu.in
863,Mizoram University,Aizawl,,Mizoram,missing_explicit_district,https://mzu.edu.in
864,Nagaland University,Lumami,,Nagaland,missing_explicit_district,https://nagalanduniversity.ac.in
865,Nalanda University,Rajgir,,Bihar,missing_explicit_district,https://nalandauniv.edu.in
866,National Sanskrit University,Tirupati,,Andhra Pradesh,missing_explicit_district,http://nsktu.ac.in
867,North Eastern Hill University,Shillong,,Meghalaya,missing_explicit_district,https://www.nehu.ac.in
868,Pondicherry University,Puducherry,,Puducherry,missing_explicit_district,http://www.pondiuni.edu.in
869,Rajiv Gandhi National Aviation University,Fursatganj,,Uttar Pradesh,missing_explicit_district,https://www.rgnau.ac.in
870,Rajiv Gandhi University,Itanagar,,Arunachal Pradesh,missing_explicit_district,https://www.rgu.ac.in
871,Rani Lakshmi Bai Central Agricultural University,Jhansi,,Uttar Pradesh,missing_explicit_district,https://rlbcau.ac.in
872,Sammakka Sarakka Central Tribal University,Mulugu,,Telangana,missing_explicit_district,https://ssctu.ac.in
873,Shri Lal Bahadur Shastri National Sanskrit University,New Delhi,,Delhi,missing_explicit_district,http://www.slbsrsv.ac.in
874,Sikkim University,Gangtok,,Sikkim,missing_explicit_district,https://cus.ac.in
875,Sindhu Central University,Leh,,Ladakh,missing_explicit_district,https://sindhucu.ac.in
876,South Asian University,New Delhi,,Delhi,missing_explicit_district,https://sau.int
877,Tezpur University,Tezpur,,Assam,missing_explicit_district,http://www.tezu.ernet.in
878,Tripura University,Agartala,,Tripura,missing_explicit_district,https://tripurauniv.ac.in
879,University of Allahabad,Prayagraj,,Uttar Pradesh,missing_explicit_district,https://allduniv.ac.in
880,Visva-Bharati,Santiniketan,,West Bengal,missing_explicit_district,https://visvabharati.ac.in
881,National Institute of Fashion Technology Mumbai,Navi Mumbai,,Maharashtra,missing_explicit_district,https://www.nift.ac.in
882,National Institute of Fashion Technology Bengaluru,Bengaluru,,Karnataka,missing_explicit_district,https://www.nift.ac.in
883,National Institute of Fashion Technology Bhubaneswar,Bhubaneswar,,Odisha,missing_explicit_district,https://www.nift.ac.in
884,National Institute of Fashion Technology Srinagar,Srinagar,,Jammu and Kashmir,missing_explicit_district,https://www.nift.ac.in
885,National Institute of Fashion Technology Varanasi,Varanasi,,Uttar Pradesh,missing_explicit_district,https://www.nift.ac.in
886,National Institute of Fashion Technology Shillong,Shillong,,Meghalaya,missing_explicit_district,https://www.nift.ac.in
887,National Institute of Fashion Technology Raebareli,Raebareli,,Uttar Pradesh,missing_explicit_district,https://www.nift.ac.in
888,National Institute of Fashion Technology Patna,Patna,,Bihar,missing_explicit_district,https://www.nift.ac.in
889,National Institute of Fashion Technology Panchkula,Panchkula,,Haryana,missing_explicit_district,https://www.nift.ac.in
890,National Institute of Fashion Technology Kannur,Kannur,,Kerala,missing_explicit_district,https://www.nift.ac.in
891,National Institute of Fashion Technology Kangra,Kangra,,Himachal Pradesh,missing_explicit_district,https://www.nift.ac.in
892,National Institute of Fashion Technology Jodhpur,Jodhpur,,Rajasthan,missing_explicit_district,https://www.nift.ac.in
893,National Institute of Fashion Technology Hyderabad,Hyderabad,,Telangana,missing_explicit_district,https://www.nift.ac.in
894,National Institute of Fashion Technology Chennai,Chennai,,Tamil Nadu,missing_explicit_district,https://www.nift.ac.in
895,National Institute of Fashion Technology Bhopal,Bhopal,,Madhya Pradesh,missing_explicit_district,https://www.nift.ac.in
896,National Institute of Fashion Technology Raipur,Raipur,,Chhattisgarh,missing_explicit_district,https://www.nift.ac.in
897,National Institute of Fashion Technology Kolkata,Kolkata,,West Bengal,missing_explicit_district,https://www.nift.ac.in
898,National Institute of Fashion Technology Gandhinagar,Gandhinagar,,Gujarat,missing_explicit_district,https://www.nift.ac.in
899,National Institute of Fashion Technology Daman,Daman,,Dadra and Nagar Haveli and Daman and Diu,missing_explicit_district,https://www.nift.ac.in
900,Footwear Design and Development Institute Noida,Noida,,Uttar Pradesh,missing_explicit_district,https://fddiindia.com
901,Footwear Design and Development Institute Fursatganj,Fursatganj,,Uttar Pradesh,missing_explicit_district,https://fddiindia.com
902,Footwear Design and Development Institute Rohtak,Rohtak,,Haryana,missing_explicit_district,https://fddiindia.com
903,Footwear Design and Development Institute Chandigarh,Banur,,Punjab,missing_explicit_district,https://fddiindia.com
904,Footwear Design and Development Institute Jodhpur,Jodhpur,,Rajasthan,missing_explicit_district,https://fddiindia.com
905,Footwear Design and Development Institute Ankleshwar,Ankleshwar,,Gujarat,missing_explicit_district,https://fddiindia.com
906,Footwear Design and Development Institute Guna,Guna,,Madhya Pradesh,missing_explicit_district,https://fddiindia.com
907,Footwear Design and Development Institute Chhindwara,Chhindwara,,Madhya Pradesh,missing_explicit_district,https://fddiindia.com
908,Footwear Design and Development Institute Patna,Patna,,Bihar,missing_explicit_district,https://fddiindia.com
909,Footwear Design and Development Institute Kolkata,Kolkata,,West Bengal,missing_explicit_district,https://fddiindia.com
910,Footwear Design and Development Institute Hyderabad,Hyderabad,,Telangana,missing_explicit_district,https://fddiindia.com
911,Footwear Design and Development Institute Chennai,Chennai,,Tamil Nadu,missing_explicit_district,https://fddiindia.com
912,Indian Institute of Mass Communication Dhenkanal,Dhenkanal,,Odisha,missing_explicit_district,https://iimc.gov.in
913,Indian Institute of Mass Communication Aizawl,Aizawl,,Mizoram,missing_explicit_district,https://iimc.gov.in
914,Indian Institute of Mass Communication Amravati,Amravati,,Maharashtra,missing_explicit_district,https://iimc.gov.in
915,Indian Institute of Mass Communication Jammu,Jammu,,Jammu and Kashmir,missing_explicit_district,https://iimc.gov.in
916,Indian Institute of Mass Communication Kottayam,Kottayam,,Kerala,missing_explicit_district,https://iimc.gov.in
917,Institute of Hotel Management Bhopal,Bhopal,,Madhya Pradesh,missing_explicit_district,https://www.ihmbhopal.ac.in
918,Institute of Hotel Management Bhubaneswar,Bhubaneswar,,Odisha,missing_explicit_district,https://www.ihmbbs.org
919,Dr. Ambedkar Institute of Hotel Management Chandigarh,Chandigarh,,Chandigarh,missing_explicit_district,https://www.ihmchandigarh.org
920,Institute of Hotel Management Chennai,Chennai,,Tamil Nadu,missing_explicit_district,http://www.ihmchennai.org
921,Institute of Hotel Management Gandhinagar,Gandhinagar,,Gujarat,missing_explicit_district,https://ihmahmedabad.com
922,Institute of Hotel Management Goa,Porvorim,,Goa,missing_explicit_district,https://www.ihmgoa.gov.in
923,Institute of Hotel Management Gurdaspur,Gurdaspur,,Punjab,missing_explicit_district,https://ihm-gsp.ac.in
924,Institute of Hotel Management Guwahati,Guwahati,,Assam,missing_explicit_district,https://ihmctanghy.org.in
925,Institute of Hotel Management Gwalior,Gwalior,,Madhya Pradesh,missing_explicit_district,https://ihmgwalior.org
926,Institute of Hotel Management Hajipur,Hajipur,,Bihar,missing_explicit_district,https://www.ihmhajipur.net
927,Institute of Hotel Management Hyderabad,Hyderabad,,Telangana,missing_explicit_district,https://www.ihmhyd.org
928,Institute of Hotel Management Jaipur,Jaipur,,Rajasthan,missing_explicit_district,https://www.ihmjaipur.com
929,Institute of Hotel Management Kolkata,Kolkata,,West Bengal,missing_explicit_district,https://ihmkol.org
930,Institute of Hotel Management Lucknow,Lucknow,,Uttar Pradesh,missing_explicit_district,http://www.ihmlucknow.com
931,Institute of Hotel Management Shillong,Shillong,,Meghalaya,missing_explicit_district,https://ihmshillong.nic.in
932,Institute of Hotel Management Shimla,Shimla,,Himachal Pradesh,missing_explicit_district,https://www.ihmshimla.ac.in
933,Institute of Hotel Management Srinagar,Srinagar,,Jammu and Kashmir,missing_explicit_district,https://ihmsrinagar.edu.in
934,Institute of Hotel Management Thiruvananthapuram,Thiruvananthapuram,,Kerala,missing_explicit_district,https://www.ihmctkovalam.org
935,NCHM-IH Noida,Noida,,Uttar Pradesh,missing_explicit_district,
936,Indian Institute of Tourism and Travel Management Bhubaneswar,Bhubaneswar,,Odisha,missing_explicit_district,https://iittm.ac.in
937,Indian Institute of Tourism and Travel Management Noida,Noida,,Uttar Pradesh,missing_explicit_district,https://iittm.ac.in
938,Indian Institute of Tourism and Travel Management Nellore,Nellore,,Andhra Pradesh,missing_explicit_district,https://iittm.ac.in
939,Indian Institute of Tourism and Travel Management Goa,Panaji,,Goa,missing_explicit_district,https://iittm.ac.in
940,National Dairy Research Institute,Karnal,,Haryana,missing_explicit_district,https://ndri.res.in
941,Central Institute of Fisheries Education,Mumbai,,Maharashtra,missing_explicit_district,https://www.cife.edu.in
942,National Academy of Agricultural Research Management,Hyderabad,,Telangana,missing_explicit_district,https://naarm.org.in
943,Officers Training Academy Gaya,Gaya,,Bihar,missing_explicit_district,https://joinindianarmy.nic.in
944,Indian Maritime University Mumbai Port Campus,Mumbai,,Maharashtra,missing_explicit_district,https://www.imu.edu.in
945,Indian Maritime University Visakhapatnam Campus,Visakhapatnam,,Andhra Pradesh,missing_explicit_district,https://www.imu.edu.in
946,Indian Maritime University Kochi Campus,Kochi,,Kerala,missing_explicit_district,https://www.imu.edu.in
947,Indian Institute of Foreign Trade Kolkata Campus,Kolkata,,West Bengal,missing_explicit_district,https://www.iift.ac.in
948,Indian Institute of Foreign Trade Kakinada Campus,Kakinada,,Andhra Pradesh,missing_explicit_district,https://www.iift.ac.in
949,Indian Institute of Foreign Trade GIFT City Campus,Gandhinagar,,Gujarat,missing_explicit_district,https://www.iift.ac.in
950,Regional Institute of Education Ajmer,Ajmer,,Rajasthan,missing_explicit_district,
951,Regional Institute of Education Bhopal,Bhopal,,Madhya Pradesh,missing_explicit_district,
952,Regional Institute of Education Bhubaneswar,Bhubaneswar,,Odisha,missing_explicit_district,
953,Regional Institute of Education Mysuru,Mysuru,,Karnataka,missing_explicit_district,https://riemysore.ac.in
954,North East Regional Institute of Education Shillong,Shillong,,Meghalaya,missing_explicit_district,
955,Regional Institute of Education Nellore,Nellore,,Andhra Pradesh,missing_explicit_district,
956,Lakshmibai National College of Physical Education Thiruvananthapuram,Thiruvananthapuram,,Kerala,missing_explicit_district,https://sportsauthorityofindia.gov.in/sai/lncpe
957,National Institute of Unani Medicine,Bengaluru,,Karnataka,missing_explicit_district,https://nium.in
958,National Institute of Unani Medicine Ghaziabad Campus,Ghaziabad,,Uttar Pradesh,missing_explicit_district,https://nium.in
959,National Institute of Siddha,Chennai,,Tamil Nadu,missing_explicit_district,https://nischennai.org
960,Morarji Desai National Institute of Yoga,New Delhi,,Delhi,missing_explicit_district,
961,North Eastern Institute of Ayurveda and Homoeopathy,Shillong,,Meghalaya,missing_explicit_district,
962,National Institute of Sowa-Rigpa,Leh,,Ladakh,missing_explicit_district,https://sowarigpainstitute.in
963,National Institute for the Empowerment of Persons with Visual Disabilities,Dehradun,,Uttarakhand,missing_explicit_district,https://niepvd.nic.in
964,National Institute for the Empowerment of Persons with Intellectual Disabilities,Secunderabad,,Telangana,missing_explicit_district,https://niepid.nic.in
965,Pt. Deendayal Upadhyaya National Institute for Persons with Physical Disabilities,New Delhi,,Delhi,missing_explicit_district,https://pdunippd.nic.in
966,Swami Vivekanand National Institute of Rehabilitation Training and Research,Cuttack,,Odisha,missing_explicit_district,https://www.svnirtar.nic.in
967,National Institute for Locomotor Disabilities,Kolkata,,West Bengal,missing_explicit_district,https://nild.nic.in
968,Indian Sign Language Research and Training Centre,New Delhi,,Delhi,missing_explicit_district,https://islrtc.nic.in
969,National Institute of Mental Health and Rehabilitation,Sehore,,Madhya Pradesh,missing_explicit_district,https://nimhr.nic.in
970,National Law University Jodhpur,Jodhpur,,Rajasthan,missing_explicit_district,http://www.nlujodhpur.ac.in
971,Hidayatullah National Law University,Raipur,,Chhattisgarh,missing_explicit_district,https://www.hnlu.ac.in
972,Gujarat National Law University Silvassa Campus,Silvassa,,Dadra and Nagar Haveli and Daman and Diu,missing_explicit_district,https://www.gnlu.ac.in
973,Rajiv Gandhi National University of Law,Patiala,,Punjab,missing_explicit_district,https://www.rgnul.ac.in
974,Chanakya National Law University,Patna,,Bihar,missing_explicit_district,http://www.cnlu.ac.in
975,National Law University Odisha,Cuttack,,Odisha,missing_explicit_district,http://www.nluo.ac.in
976,National University of Study and Research in Law,Ranchi,,Jharkhand,missing_explicit_district,http://www.nusrlranchi.ac.in
977,National Law University and Judicial Academy Assam,Guwahati,,Assam,missing_explicit_district,http://www.nluassam.ac.in
978,Damodaram Sanjivayya National Law University,Visakhapatnam,,Andhra Pradesh,missing_explicit_district,https://dsnlu.ac.in
979,Tamil Nadu National Law University,Tiruchirappalli,,Tamil Nadu,missing_explicit_district,https://tnnlu.ac.in
980,Maharashtra National Law University Mumbai,Mumbai,,Maharashtra,missing_explicit_district,https://mnlumumbai.edu.in
981,Maharashtra National Law University Nagpur,Nagpur,,Maharashtra,missing_explicit_district,http://www.nlunagpur.ac.in
982,Maharashtra National Law University Chhatrapati Sambhajinagar,Chhatrapati Sambhajinagar,,Maharashtra,missing_explicit_district,https://www.mnlua.ac.in
983,Himachal Pradesh National Law University,Shimla,,Himachal Pradesh,missing_explicit_district,http://www.hpnlu.ac.in
984,Dr. B.R. Ambedkar National Law University,Sonipat,,Haryana,missing_explicit_district,https://www.dbranlu.ac.in
985,National Law University Tripura,Agartala,,Tripura,missing_explicit_district,https://nlutripura.ac.in
986,Dr. Rajendra Prasad National Law University,Prayagraj,,Uttar Pradesh,missing_explicit_district,https://rpnlup.ac.in
987,National Law University of Meghalaya,Shillong,,Meghalaya,missing_explicit_district,https://www.nlumeg.ac.in
988,Sikkim National Law University,Gangtok,,Sikkim,missing_explicit_district,
989,Karnataka State Law University,Hubballi,,Karnataka,missing_explicit_district,https://kslu.karnataka.gov.in
990,Tamil Nadu Dr. Ambedkar Law University,Chennai,,Tamil Nadu,missing_explicit_district,https://www.tndalu.ac.in
991,Dr. Bhimrao Ambedkar Law University,Jaipur,,Rajasthan,missing_explicit_district,https://www.alujaipur.ac.in
992,Madhusudan Law University,Cuttack,,Odisha,missing_explicit_district,https://mlu.ac.in
993,Sri Guru Teg Bahadur State University of Law,Patti,,Punjab,missing_explicit_district,
994,Acharya N.G. Ranga Agricultural University,Guntur,,Andhra Pradesh,missing_explicit_district,https://angrau.ac.in
995,Dr. Y.S.R. Horticultural University,Venkataramannagudem,,Andhra Pradesh,missing_explicit_district,https://drysrhu.ap.gov.in
996,Sri Venkateswara Veterinary University,Tirupati,,Andhra Pradesh,missing_explicit_district,https://www.svvu.edu.in
997,Andhra Pradesh Fisheries University,Vijayawada,,Andhra Pradesh,missing_explicit_district,https://apfu.ap.gov.in
998,Assam Agricultural University,Jorhat,,Assam,missing_explicit_district,http://www.aau.ac.in
999,Assam Veterinary and Fishery University,Guwahati,,Assam,missing_explicit_district,http://www.vetbifg.ac.in
1000,Bihar Agricultural University,Bhagalpur,,Bihar,missing_explicit_district,http://bausabour.ac.in
1001,Bihar Animal Sciences University,Patna,,Bihar,missing_explicit_district,https://www.basu.org.in
1002,Indira Gandhi Krishi Vishwavidyalaya,Raipur,,Chhattisgarh,missing_explicit_district,https://igkv.ac.in
1003,Chhattisgarh Kamdhenu Vishwavidyalaya,Durg,,Chhattisgarh,missing_explicit_district,http://cgkv.ac.in
1004,Mahatma Gandhi Udyanikee Evam Vanikee Vishwavidyalaya,Durg,,Chhattisgarh,missing_explicit_district,https://mguvv.ac.in
1005,Sardarkrushinagar Dantiwada Agricultural University,Dantiwada,,Gujarat,missing_explicit_district,http://www.sdau.edu.in
1006,Anand Agricultural University,Anand,,Gujarat,missing_explicit_district,http://www.aau.in
1007,Navsari Agricultural University,Navsari,,Gujarat,missing_explicit_district,https://nau.in
1008,Junagadh Agricultural University,Junagadh,,Gujarat,missing_explicit_district,http://www.jau.in
1009,Kamdhenu University,Gandhinagar,,Gujarat,missing_explicit_district,https://www.kamdhenuuni.edu.in
1010,Gujarat Natural Farming and Organic Agricultural University,Anand,,Gujarat,missing_explicit_district,
1011,Chaudhary Charan Singh Haryana Agricultural University,Hisar,,Haryana,missing_explicit_district,http://www.hau.ac.in
1012,Lala Lajpat Rai University of Veterinary and Animal Sciences,Hisar,,Haryana,missing_explicit_district,https://www.luvas.edu.in
1013,Maharana Pratap Horticultural University,Karnal,,Haryana,missing_explicit_district,https://www.mhu.ac.in
1014,Chaudhary Sarwan Kumar Himachal Pradesh Krishi Vishvavidyalaya,Palampur,,Himachal Pradesh,missing_explicit_district,http://hillagric.ac.in:1003/cskhpau
1015,Dr. Yashwant Singh Parmar University of Horticulture and Forestry,Solan,,Himachal Pradesh,missing_explicit_district,http://www.yspuniversity.ac.in
1016,Birsa Agricultural University,Ranchi,,Jharkhand,missing_explicit_district,http://www.baujharkhand.org
1017,Sher-e-Kashmir University of Agricultural Sciences and Technology of Kashmir,Srinagar,,Jammu and Kashmir,missing_explicit_district,http://www.skuastkashmir.ac.in
1018,Sher-e-Kashmir University of Agricultural Sciences and Technology of Jammu,Jammu,,Jammu and Kashmir,missing_explicit_district,
1019,"Karnataka Veterinary, Animal and Fisheries Sciences University",Bidar,,Karnataka,missing_explicit_district,https://www.kvafsu.edu.in
1020,University of Agricultural Sciences Raichur,Raichur,,Karnataka,missing_explicit_district,
1021,University of Agricultural Sciences Dharwad,Dharwad,,Karnataka,missing_explicit_district,http://www.uasd.edu
1022,University of Horticultural Sciences Bagalkot,Bagalkot,,Karnataka,missing_explicit_district,https://www.uhsbagalkot.edu.in
1023,Keladi Shivappa Nayaka University of Agricultural and Horticultural Sciences,Shivamogga,,Karnataka,missing_explicit_district,https://uahs.edu.in/?lang=en
1024,Kerala Agricultural University,Thrissur,,Kerala,missing_explicit_district,http://www.kau.edu
1025,Kerala University of Fisheries and Ocean Studies,Kochi,,Kerala,missing_explicit_district,http://www.kufos.ac.in
1026,Kerala Veterinary and Animal Sciences University,Pookode,,Kerala,missing_explicit_district,https://www.kvasu.ac.in
1027,Rajmata Vijayaraje Scindia Krishi Vishwa Vidyalaya,Gwalior,,Madhya Pradesh,missing_explicit_district,
1028,Nanaji Deshmukh Veterinary Science University,Jabalpur,,Madhya Pradesh,missing_explicit_district,http://www.ndvsu.org
1029,Dr. Balasaheb Sawant Konkan Krishi Vidyapeeth,Dapoli,,Maharashtra,missing_explicit_district,http://www.dbskkv.org
1030,Maharashtra Animal and Fishery Sciences University,Nagpur,,Maharashtra,missing_explicit_district,http://www.mafsu.in
1031,Vasantrao Naik Marathwada Krishi Vidyapeeth,Parbhani,,Maharashtra,missing_explicit_district,https://www.vnmkv.ac.in
1032,Mahatma Phule Krishi Vidyapeeth,Rahuri,,Maharashtra,missing_explicit_district,http://www.mpkv.mah.nic.in
1033,Dr. Panjabrao Deshmukh Krishi Vidyapeeth,Akola,,Maharashtra,missing_explicit_district,http://www.pdkv.mah.nic.in
1034,Odisha University of Agriculture and Technology,Bhubaneswar,,Odisha,missing_explicit_district,https://ouat.ac.in
1035,Guru Angad Dev Veterinary and Animal Sciences University,Ludhiana,,Punjab,missing_explicit_district,http://www.gadvasu.in
1036,Maharana Pratap University of Agriculture and Technology,Udaipur,,Rajasthan,missing_explicit_district,http://www.mpuat.ac.in
1037,Swami Keshwanand Rajasthan Agricultural University,Bikaner,,Rajasthan,missing_explicit_district,http://www.raubikaner.org
1038,Rajasthan University of Veterinary and Animal Sciences,Bikaner,,Rajasthan,missing_explicit_district,https://rajuvas.org
1039,Rajasthan University of Veterinary and Animal Sciences Jobner,Jobner,,Rajasthan,missing_explicit_district,https://rajuvas.ac.in
1040,Tamil Nadu Veterinary and Animal Sciences University,Chennai,,Tamil Nadu,missing_explicit_district,http://www.tanuvas.ac.in
1041,Tamil Nadu Fisheries University,Nagapattinam,,Tamil Nadu,missing_explicit_district,http://www.tnfu.org.in/university/wp
1042,Sri Konda Laxman Telangana Horticultural University,Mulugu,,Telangana,missing_explicit_district,http://skltshu.ac.in
1043,P.V. Narsimha Rao Telangana Veterinary University,Hyderabad,,Telangana,missing_explicit_district,https://www.tsvu.nic.in
1044,Professor Jayashankar Telangana Agricultural University,Hyderabad,,Telangana,missing_explicit_district,http://www.pjtsau.edu.in
1045,Veer Chandra Singh Garhwali Uttarakhand University of Horticulture and Forestry,Bharsar,,Uttarakhand,missing_explicit_district,https://www.uuhf.ac.in
1046,Chandra Shekhar Azad University of Agriculture and Technology,Kanpur,,Uttar Pradesh,missing_explicit_district,http://www.csauk.ac.in
1047,Sardar Vallabhbhai Patel University of Agriculture and Technology,Meerut,,Uttar Pradesh,missing_explicit_district,http://www.svbpmeerut.ac.in
1048,Banda University of Agriculture and Technology,Banda,,Uttar Pradesh,missing_explicit_district,http://buat.edu.in
1049,Bidhan Chandra Krishi Viswavidyalaya,Mohanpur,,West Bengal,missing_explicit_district,http://www.bckv.edu.in
1050,West Bengal University of Animal and Fishery Sciences,Kolkata,,West Bengal,missing_explicit_district,http://wbuafscl.ac.in
1051,Uttar Banga Krishi Viswavidyalaya,Cooch Behar,,West Bengal,missing_explicit_district,https://www.ubkv.ac.in
1052,University of Agricultural Sciences Mandya,Mandya,,Karnataka,missing_explicit_district,https://uasmandya.co.in
