ugc_id,name,state,status,batch,reason,url
185,Acharaya N.G.Ranga Agricultural University,Andhra Pradesh,2(f),D3,already loaded,https://angrau.ac.in/
186,Acharya Nagarjuna University,Andhra Pradesh,2(f) & 12B,D5,general,https://nagarjunauniversity.ac.in/
187,Adikavi Nannaya University,Andhra Pradesh,2(f) & 12B,D5,general,http://www.nannayauniversity.info/
1156,Andhra Kesari University,Andhra Pradesh,2(f),D5,general,http://andhrakesariuniversity.in/
1216,Andhra Pradesh Fisheries University,Andhra Pradesh,2(f),D3,already loaded,https://apfu.ap.gov.in/
192,Andhra University,Andhra Pradesh,2(f) & 12B,D5,general,https://www.andhrauniversity.edu.in/
1135,Cluster University,Andhra Pradesh,2(f),D5,general,https://www.cuklap.ac.in/
555,Damodaram Sanjivayya National Law University,Andhra Pradesh,2(f) & 12B,D1,already loaded,http://dsnlu.ac.in/
1103,Dr Y. S. R. Architecture & Fine Arts University,Andhra Pradesh,2(f),D6,music / arts,https://www.ysrafu.ac.in/
1008,Dr. Abdul Haq Urdu University,Andhra Pradesh,2(f),D5,general,https://ahuuk.ac.in/
235,Dr. B. R. Ambedkar University,Andhra Pradesh,2(f) & 12B,D5,general,http://www.brau.edu.in/
1438,Dr. B.R Ambedkar Open University,Andhra Pradesh,2(f),I1,open university (G9),https://www.drbraouap.org/
191,Dr. N.T.R. University of Health Sciences,Andhra Pradesh,2(f),D4,health / AYUSH,https://drntruhs.in/
652,Dr. Y.S.R. Horticultural University,Andhra Pradesh,2(f),D3,already loaded,https://drysrhu.ap.gov.in/
246,Dravidian University,Andhra Pradesh,2(f) & 12B,D5,general,http://www.dravidianuniversity.ac.in
1154,Jawaharlal Nehru Technological University,Andhra Pradesh,2(f),D2,technical,https://jntukucev.ac.in/
277,Jawaharlal Nehru Technological University (Anantapur),Andhra Pradesh,2(f) & 12B,D2,technical,http://www.jntua.ac.in
276,Jawaharlal Nehru Technological University (Kainada),Andhra Pradesh,2(f) & 12B,D2,technical,http://www.jntuk.edu.in
298,Krishna University,Andhra Pradesh,2(f) & 12B,D5,general,http://www.kru.ac.in
1035,Rajiv Gandhi University of Knowledge Technologies,Andhra Pradesh,2(f) & 12B,D2,technical,https://www.rgukt.in/
368,Rayalaseema University,Andhra Pradesh,2(f) & 12B,D5,general,https://www.rayalaseemauniversity.ac.in/
383,Sri krishnadevaraya University,Andhra Pradesh,2(f) & 12B,D5,general,http://skuniversity.ac.in/
388,Sri Padmavati Mahila Vishwavidyalayam,Andhra Pradesh,2(f) & 12B,D6,women's,http://www.spmvv.ac.in
660,Sri Venkateswara Institute of Medical Sciences,Andhra Pradesh,2(f) & 12B,D4,health / AYUSH,https://svimstpt.ap.nic.in/
389,Sri Venkateswara University,Andhra Pradesh,2(f) & 12B,D5,general,https://svuniversity.edu.in/
390,Sri Venkateswara Vedic University,Andhra Pradesh,2(f),D5,general,http://www.svvedicuniversity.ac.in/
391,Sri Venkateswara Veterinary University,Andhra Pradesh,2(f) & 12B,D3,already loaded,https://www.svvu.edu.in/
423,Vikrama Simhapuri University,Andhra Pradesh,2(f) & 12B,D5,general,https://vsu.ac.in/
427,Yogi Vemana University,Andhra Pradesh,2(f) & 12B,D5,general,https://yvu.edu.in/
1236,Arunachal Pradesh University,Arunachal Pradesh,2(f),D5,general,
198,Assam Agricultural University,Assam,2(f) & 12B,D3,already loaded,http://www.aau.ac.in
655,Assam Rajiv Gandhi University of Co-operative Management,Assam,2(f),D5,general,https://www.argucom.ac.in/
672,Assam Science & Technology University,Assam,2(f),D2,technical,http://www.astu.org.in
1319,Assam Skill University,Assam,2(f),D5,general,https://asu.ac.in/
1417,Assam Veterinary and Fishery University,Assam,2(f),D3,already loaded,http://www.vetbifg.ac.in/
765,Assam Women's University,Assam,2(f),D6,women's,https://awu.ac.in/
1025,Bhattadev University,Assam,2(f),D5,general,http://www.bhattadevuniversity.ac.in/
1162,Birangana Sati Sadhani Rajyik Vishwavidyalaya,Assam,2(f),D5,general,http://bssrv.ac.in/
654,Bodoland University,Assam,2(f) & 12B,D5,general,https://buniv.edu.in/
1426,Bongaigaon University,Assam,2(f),D5,general,https://www.bongaigaoncollege.ac.in/
709,Cotton University,Assam,2(f) & 12B,D5,general,https://cottonuniversity.ac.in/
233,Dibrugarh University,Assam,2(f) & 12B,D5,general,http://www.dibru.ac.in
249,Gauhati University,Assam,2(f) & 12B,D5,general,http://www.gauhati.ac.in
1396,Gurucharan University,Assam,2(f),D5,general,https://gurucharancollege.ac.in/
1394,Jagannath Barooah University,Assam,2(f),D5,general,https://jbu.ac.in/
1416,Kokrajhar University,Assam,2(f),D5,general,https://kokrajharuniversity.ac.in/
297,Krishna Kanta Handiqui State Open University,Assam,2(f),I1,open university (G9),http://www.kkhsou.in
697,Kumar Bhaskar Varma Sanskrit & Ancient Studies University,Assam,2(f) & 12B,D5,general,http://www.kbvsasun.ac.in
1031,Madhabdev University,Assam,2(f),D5,general,https://madhabdevuniversity.ac.in/
1071,Majuli University of Culture,Assam,2(f),D5,general,https://www.muoc.ac.in/
1395,Nagaon University,Assam,2(f),D5,general,https://nagaonuniversity.ac.in/
653,National Law University and Judicial Academy,Assam,2(f) & 12B,D1,already loaded,http://www.nluassam.ac.in/
1399,North Lakhimpur University,Assam,2(f),D5,general,https://nlc.ac.in/
1022,Rabindranath Tagore University,Assam,2(f),D5,general,https://www.rtuassam.ac.in
1323,Sibsagar University,Assam,2(f),D5,general,https://sibsagaruniversity.ac.in/
1064,Sri Sri Aniruddhdeva Sports University,Assam,2(f),D6,sports,http://www.sasu.ac.in/
723,Srimanta Sankaradeva University of Health Sciences,Assam,2(f),D4,health / AYUSH,http://ssuhs.in
497,Aryabhatta Knowledge University,Bihar,2(f),D5,general,http://akubihar.ac.in/
202,Babasaheb Bhimrao Ambedkar Bihar University,Bihar,2(f) & 12B,D5,general,http://www.brabu.net/
211,Bhupendra Narayan Mandal University,Bihar,2(f) & 12B,D5,general,http://bnmu.bih.nic.in
682,Bihar Agricultural University,Bihar,2(f),D3,already loaded,http://bausabour.ac.in
993,Bihar Animal Sciences University,Bihar,2(f),D3,already loaded,https://www.basu.org.in
1245,Bihar Engineering University,Bihar,2(f),D2,technical,http://beu-bih.ac.in/BEUP/Default.aspx
1336,Bihar Sports University,Bihar,2(f),D6,sports,https://biharsports.org/
1205,Bihar University of Health Sciences,Bihar,2(f),D4,health / AYUSH,http://buhs.ac.in/
220,Chanakya National Law University,Bihar,2(f) & 12B,D1,already loaded,http://www.cnlu.ac.in
272,Jai Prakash University,Bihar,2(f) & 12B,D5,general,https://jpv.ac.in/
281,Kameshwar Singh Darbhanga Sanskrit Vishwavidyalaya,Bihar,2(f) & 12B,D5,general,http://www.ksdsu.edu.in
303,Lalit Narayan Mithila University,Bihar,2(f) & 12B,D5,general,https://lnmu.ac.in/
310,Magadh University,Bihar,2(f) & 12B,D5,general,http://www.magadhuniversity.ac.in/
327,Maulana Mazharul Haque Arabic & Persian University,Bihar,2(f),D5,general,http://mmhapu.bih.nic.in
965,Munger University,Bihar,2(f),D5,general,https://www.mungeruniversity.ac.in/
332,Nalanda Open University,Bihar,2(f),I1,open university (G9),"http://www.nalandaopenuniversity.com, www.nou.ac.in"
971,Patliputra University,Bihar,2(f),D5,general,http://www.ppup.ac.in/
495,Patna University,Bihar,2(f) & 12B,D5,general,http://www.patnauniversity.ac.in
966,Purnea University,Bihar,2(f),D5,general,https://www.purneauniversity.ac.in/
393,T.M. Bhagalpur University,Bihar,2(f) & 12B,D5,general,http://www.tmbu.org
420,Veer Kunwar Singh University,Bihar,2(f) & 12B,D5,general,https://vksu.ac.in/
481,Panjab University,Chandigarh,2(f) & 12B,D5,general,http://www.puchd.ac.in
665,Atal Bihari Bajpayee Vishwavidyalaya (Formerly Bilaspur Vishwavidyalaya),Chhattisgarh,2(f) & 12B,D5,general,https://www.bilaspuruniversity.ac.in/
557,Ayush and Health Sciences University of Chhattisgarh,Chhattisgarh,2(f),D4,health / AYUSH,http://www.cghealthuniv.com/
708,Chhattisgarh Kamdhenu Vishwavidyalaya,Chhattisgarh,2(f),D3,already loaded,http://cgkv.ac.in/
224,Chhattisgarh Swami Vivekanad Technical Universty,Chhattisgarh,2(f) & 12B,D2,technical,http://www.csvtu.ac.in
949,Hemchand Yadav Vishwavidyalaya(Earlier known as Durg Vishwavidyalaya),Chhattisgarh,2(f),D5,general,http://www.durguniversity.ac.in
263,Hidayatullah National Law University,Chhattisgarh,2(f) & 12B,D1,already loaded,http://www.hnlu.ac.in
266,Indira Gandhi Krishi Vishwavidyalaya,Chhattisgarh,2(f) & 12B,D3,already loaded,https://igkv.ac.in/
267,Indira Kala Sangeet Vishwavidyalaya,Chhattisgarh,2(f) & 12B,D6,music / arts,http://www.iksv.ac.in/
929,International Institute of Information Technology,Chhattisgarh,2(f),D2,technical,https://www.iiitnr.ac.in/
301,Kushabhau Thakre Patrakarita Avam Jansanchar Vishwavidyalaya,Chhattisgarh,2(f),D5,general,http://www.ktujm.ac.in
1161,Mahatma Gandhi Udyanikee and Vanikee Vishwavidyalaya,Chhattisgarh,2(f),D3,already loaded,https://mguvv.ac.in/
350,Pandit Sundarlal Sharma (Open) University,Chhattisgarh,2(f),I1,open university (G9),http://www.pssou.ac.in
351,Pt. Ravishankar Shukla University,Chhattisgarh,2(f) & 12B,D5,general,http://www.prsu.ac.in
374,Sant Gahira Guru Vishwavidyalaya (formerly Sarguja University),Chhattisgarh,2(f),D5,general,https://www.sggcg.in/
205,Shaheed Mahendra Karma Vishvidyalaya,Chhattisgarh,2(f),D5,general,http://www.bvvjdp.ac.in
1091,Shaheed Nandkumar Patel Vishwavidyalaya,Chhattisgarh,2(f),D5,general,https://snpv.ac.in/
813,Delhi Pharmaceutical Sciences & Research University,Delhi,2(f),D4,health / AYUSH,https://dpsru.edu.in/
1088,Delhi Skill and Entrepreneurship University,Delhi,2(f),D5,general,https://dseu.ac.in/
1114,Delhi Sports University,Delhi,2(f),D6,sports,
1166,Delhi Teachers University,Delhi,2(f),D5,general,
485,Delhi Technological University,Delhi,2(f) & 12B,D2,technical,http://www.dtu.ac.in/
486,Dr. B.R. Ambedkar University,Delhi,2(f) & 12B,D5,general,http://www.aud.ac.in
484,Guru Gobind Singh Indraprastha Vishwavidyalaya,Delhi,2(f) & 12B,D5,general,http://www.ipu.ac.in
967,Indira Gandhi Delhi Technical University for Women,Delhi,2(f) & 12B,D6,women's,http://www.igdtuw.ac.in
483,Indraprastha Institute of Information Technology,Delhi,2(f) & 12B,D2,technical,http://www.iiitd.ac.in
482,National Law University,Delhi,2(f) & 12B,D1,already loaded (NLU Delhi),http://nludelhi.ac.in
988,Netaji Subhas University of Technology,Delhi,2(f) & 12B,D2,technical,https://www.nsut.ac.in
252,Goa University,Goa,2(f) & 12B,D5,general,http://www.unigoa.ac.in/
1237,"""Kaushalya"" the Skill University",Gujarat,2(f),D5,general,https://kaushalyaskilluniversity.ac.in/
190,Anand Agricultural University,Gujarat,2(f),D3,already loaded,http://www.aau.in
846,Bhakta Kavi Narsinh Mehta University,Gujarat,2(f) & 12B,D5,general,https://www.bknmu.edu.in/
981,Birsa Munda Tribal University,Gujarat,2(f),D5,general,https://bmtu.ac.in/
675,Children's University,Gujarat,2(f) & 12B,D5,general,https://www.cugujarat.ac.in/
232,Dharmsinh Desai University,Gujarat,2(f) & 12B,D5,general,https://www.ddu.ac.in/
239,Dr. Babasaheb Ambedkar Open University,Gujarat,2(f) & 12B,I1,open university (G9),http://www.baou.edu.in/
254,Gujarat Ayurveda University,Gujarat,2(f) & 12B,D4,health / AYUSH,http://www.ayurveduniversity.edu.in
1042,Gujarat Biotechnology University,Gujarat,2(f),D2,technical,https://gbu.gujarat.gov.in/Announcements.php
255,Gujarat National Law University,Gujarat,2(f) & 12B,D1,already loaded,http://www.gnlu.ac.in
1187,Gujarat Natural Farming and Organic Agricultural University,Gujarat,2(f),D3,already loaded,
256,Gujarat Technological University,Gujarat,2(f) & 12B,D2,technical,http://www.gtu.ac.in
257,Gujarat University,Gujarat,2(f) & 12B,D5,general,https://www.gujaratuniversity.ac.in/
817,Gujarat University of Transplantation Sciences,Gujarat,2(f),D5,general,http://www.guts.education/
262,Hemchandracharya North Gujarat University,Gujarat,2(f) & 12B,D5,general,http://www.ngu.ac.in
699,Indian Institute of Teacher Education,Gujarat,2(f) & 12B,D5,general,https://www.iite.ac.in/
818,Institute of Infrastructure Technology Research and Management,Gujarat,2(f),D2,technical,http://iitram.ac.in
739,Junagarh Agricultural University,Gujarat,2(f),D3,already loaded,http://www.jau.in/
927,Kamdhenu University,Gujarat,2(f),D3,already loaded,https://www.kamdhenuuni.edu.in/
296,Krantiguru Shyamji Krishna Verma Kachchh University,Gujarat,2(f) & 12B,D5,general,http://kskvku.digitaluniversity.ac
210,Maharaja Krishnakumarsinji Bhavnagar University,Gujarat,2(f) & 12B,D5,general,https://www.mkbhavuni.edu.in/mkbhavuniweb/
313,Maharaja Sayajirao University of Baroda,Gujarat,2(f) & 12B,D5,general,https://www.msubaroda.ac.in/
840,Navsari Agriculture University,Gujarat,2(f),D3,already loaded,https://nau.in/
947,Sardar Krushinagar Dantiwada Agricultural University,Gujarat,2(f) & 12B,D3,already loaded,http://www.sdau.edu.in/
372,Sardar Patel University,Gujarat,2(f) & 12B,D5,general,http://www.spuvvn.edu
376,Saurashtra University,Gujarat,2(f) & 12B,D5,general,http://www.saurashtrauniversity.edu
380,Shree Somnath Sanskrit University,Gujarat,2(f) & 12B,D5,general,https://sssu.ac.in/
847,Shri Govind Guru University,Gujarat,2(f),D5,general,https://sggu.ac.in
659,Swarnim Gujarat Sports University,Gujarat,2(f),D6,sports,https://sgsu.gujarat.gov.in/
387,Veer Narmad South Gujarat University,Gujarat,2(f) & 12B,D5,general,http://www.vnsgu.ac.in
207,Bhagat Phool Singh Mahila Vishwavidyalaya,Haryana,2(f) & 12B,D6,women's,http://bpsmv.digitaluniversity.ac/
810,Chaudhary Bansi Lal University,Haryana,2(f) & 12B,D5,general,https://cblu.ac.in/
223,Chaudhary Devi Lal University,Haryana,2(f) & 12B,D5,general,http://cdlu.digitaluniversity.ac
753,Chaudhary Ranbir Singh University,Haryana,2(f) & 12B,D5,general,http://www.crsujind.org
225,Choudhary Charan Singh Haryana Agricultural Univeersity,Haryana,2(f) & 12B,D3,already loaded,http://www.hau.ac.in
771,Dada Lakhmi Chand State University of Performing and Visual Arts (SUPVA),Haryana,2(f),D6,music / arts,https://dlcsupva.ac.in/
229,Deen Bandhu Chhotu Ram University of Sciences & Technology,Haryana,2(f) & 12B,D2,technical,http://www.dcrusm.ac.in
1016,Dr. B.R. Ambedkar National Law University,Haryana,2(f),D1,already loaded,http://dbranlu.ac.in
260,Guru Jambeshwar University of Science and Technology,Haryana,2(f) & 12B,D2,technical,https://www.gjust.ac.in
1007,Gurugram University,Haryana,2(f),D5,general,http://gurugramuniversity.ac.in/
727,Indira Gandhi University,Haryana,2(f) & 12B,D5,general,https://www.igu.ac.in/
560,"J. C. Bose University of Science & Technology, YMCA",Haryana,2(f) & 12B,D2,technical,https://www.jcboseust.ac.in
300,Kurukshetra University,Haryana,2(f) & 12B,D5,general,http://www.kuk.ac.in
559,Lala Lajpat Rai University of Veterinary & Animal Sciences,Haryana,2(f) & 12B,D3,already loaded,https://www.luvas.edu.in
940,Maharana Partap Horticultural University,Haryana,2(f),D3,already loaded,https://www.mhu.ac.in/
1006,Maharishi Balmiki Sanskrit University,Haryana,2(f),D5,general,https://www.mvsu.ac.in/#/
317,Maharshi Dayanand University,Haryana,2(f) & 12B,D5,general,https://www.mdurohtak.ac.in
349,Pt. Bhagwat Dayal Sharma University of Health Sciences,Haryana,2(f) & 12B,D4,health / AYUSH,'http://www.uhsr.ac.in
1047,Shri Krishna AYUSH University,Haryana,2(f),D4,health / AYUSH,
916,Shri Vishwakarma Skill University,Haryana,2(f),D5,general,
1290,Sports University of Haryana,Haryana,2(f),D6,sports,https://www.suoh.ac.in/
1068,Atal Medical and Research University(Formerly Himachal Pradesh University of Health Sciences),Himachal Pradesh,2(f),D4,health / AYUSH,https://amruhp.ac.in/
264,Chaudhary Sarwan Kumar Himachal Pradesh Krishi Vishvavidyalaya,Himachal Pradesh,2(f) & 12B,D3,already loaded,http://hillagric.ac.in:1003/cskhpau/
245,Dr. Y.S.Parmar University of Horticulture & Forestry,Himachal Pradesh,2(f) & 12B,D3,already loaded,http://www.yspuniversity.ac.in
948,Himachal Pradesh National Law University,Himachal Pradesh,2(f) & 12B,D1,already loaded,https://www.hpnlu.ac.in
561,Himachal Pradesh Technical University,Himachal Pradesh,2(f),D2,technical,https://www.himtu.ac.in/
265,Himachal Pradesh University,Himachal Pradesh,2(f) & 12B,D5,general,https://hpuniv.ac.in/
1090,Sardar Patel University Mandi,Himachal Pradesh,2(f),D5,general,
201,Baba Ghulam Shah Badshah University,Jammu and Kashmir,2(f) & 12B,D5,general,https://bgsbu.ac.in/
888,Cluster University of Jammu,Jammu and Kashmir,2(f),D5,general,https://clujammu.ac.in/
934,Cluster University of Srinagar,Jammu and Kashmir,2(f),D5,general,https://www.cusrinagar.edu.in/
268,Islamic University of Sciences & Technology University,Jammu and Kashmir,2(f) & 12B,D2,technical,http://www.islamicuniversity.edu.in
273,Jammu University,Jammu and Kashmir,2(f) & 12B,D5,general,http://www.jammuuniversity.ac.in
289,Kashmir University,Jammu and Kashmir,2(f) & 12B,D5,general,https://www.uok.edu.in
377,Sher-e-Kashmir University of Agricultural Science & Technology,Jammu and Kashmir,2(f) & 12B,D3,already loaded,http://www.skuastkashmir.ac.in
1143,"Sher-e-Kashmir University of Agricultural Science & Technology, Jammu",Jammu and Kashmir,2(f),D3,already loaded,
382,Shri Mata Vaishno Devi University,Jammu and Kashmir,2(f) & 12B,D5,general,http://www.smvdu.net.in
951,Binod Bihari Mahto Koyalanchal University,Jharkhand,2(f),D5,general,https://bbmku.ac.in/
214,Birsa Agricultural University,Jharkhand,2(f) & 12B,D3,already loaded,http://www.baujharkhand.org
956,Dr. Shyama Prasad Mukherjee University,Jharkhand,2(f) & 12B,D5,general,
1197,Jamshedpur Women's University,Jharkhand,2(f),D6,women's,
863,Jharkhand Raksha Shakti University,Jharkhand,2(f),D5,general,
1228,Jharkhand State Open University,Jharkhand,2(f),I1,open university (G9),https://jharkhanduniversities.nic.in/jsou/home
1015,Jharkhand University of Technology,Jharkhand,2(f),D2,technical,
1377,"Kaushal Vidya Entrepreneurship , Digital and Skill University",Jharkhand,2(f),D5,general,https://jhkaushalvedskill.university/
294,Kolhan University,Jharkhand,2(f),D5,general,www.kalhanuniversity.in
562,National University of Study & Research in Law,Jharkhand,2(f) & 12B,D1,already loaded,https://nusrlranchi.ac.in/
340,Nilamber-Pitamber University,Jharkhand,2(f),D5,general,http://www.npu.ac.in
365,Ranchi University,Jharkhand,2(f) & 12B,D5,general,http://www.ranchiuniversity.ac.in
384,Sido Kanhu Murmu University,Jharkhand,2(f) & 12B,D5,general,http://skmu.ac.in/
425,Vinoba Bhave University,Jharkhand,2(f) & 12B,D5,general,http://www.vbu.co.in
1226,Bagalkot University,Karnataka,2(f),D5,general,https://www.bgku.ac.in/
203,Bangalore University,Karnataka,2(f) & 12B,D5,general,https://eng.bangaloreuniversity.ac.in/
914,Bengaluru City University,Karnataka,2(f),D5,general,https://bcu.ac.in/
1041,Bengaluru Dr. B. R. Ambedkar School of Economics University,Karnataka,2(f),D5,general,https://base.ac.in/
911,Bengaluru North University,Karnataka,2(f),D5,general,https://eng.bnu.ac.in/
1234,Bidar University,Karnataka,2(f),D5,general,
1235,Chamarajanagara University,Karnataka,2(f),D5,general,
228,Davangere University,Karnataka,2(f) & 12B,D5,general,http://www.davangereuniversity.ac.in
258,Gulbarga University,Karnataka,2(f) & 12B,D5,general,https://gug.ac.in/
1231,Hassan University,Karnataka,2(f),D5,general,
1233,Haveri University,Karnataka,2(f),D5,general,
284,Kannada University,Karnataka,2(f) & 12B,D5,general,http://www.kannadauniversity.org
287,Karnatak University,Karnataka,2(f) & 12B,D5,general,http://www.kud.ac.in
700,Karnataka Janapada University,Karnataka,2(f),D5,general,https://www.janapadauniversity.ac.in/
593,Karnataka Samskrit University,Karnataka,2(f) & 12B,D5,general,http://www.ksu.ac.in
286,"Karnataka State Akkamahadevi Women University (Formerly ""Karnataka State Women's University)",Karnataka,2(f) & 12B,D6,women's,http://www.kswu.ac.in/
282,Karnataka State Law University,Karnataka,2(f) & 12B,D1,already loaded,https://kslu.karnataka.gov.in/
283,Karnataka State Open University,Karnataka,2(f) & 12B,I1,open university (G9),https://ksoumysuru.ac.in/
288,"Karnataka Veterinary, Animal & Fisheries Science University",Karnataka,2(f),D3,already loaded,https://www.kvafsu.edu.in/
1287,Keladi Shivappa Nayaka University of Agriculture and Horticultural Sciences,Karnataka,2(f),D3,already loaded,https://uahs.edu.in/?lang=en
1232,Kodagu University,Karnataka,2(f),D5,general,https://kuk.karnataka.gov.in/en
1227,Koppal University,Karnataka,2(f),D5,general,https://universitysolutions.in/kop/index.php
609,KSGH Music and Performing Arts University,Karnataka,2(f),D6,music / arts,http://www.musicuniversity.ac.in
302,Kuvempu University,Karnataka,2(f) & 12B,D5,general,http://www.kuvempu.ac.in/eng/index.php
1070,Maharani Cluster University,Karnataka,2(f),D5,general,https://mcu.karnataka.gov.in/english
883,Mahatma Gandhi Rural Development and Panchayat Raj University,Karnataka,2(f),D5,general,https://ksrdpru.ac.in/
1027,Mandya University,Karnataka,2(f),D5,general,https://www.mandyauniversity.ac.in/
324,Mangalore University,Karnataka,2(f) & 12B,D5,general,http://www.mangaloreuniversity.ac.in
331,Mysore University,Karnataka,2(f) & 12B,D5,general,https://www.uni-mysore.ac.in/
336,National law School of India University,Karnataka,2(f) & 12B,D1,already loaded,http://www.nls.ac.in
1132,Nrupathunga University,Karnataka,2(f),D5,general,http://www.nrupathungauniversityblr.ac.in/index.php
1108,Raichur University,Karnataka,2(f),D5,general,
364,Rajiv Gandhi University of Health Science,Karnataka,2(f),D4,health / AYUSH,http://www.rguhs.ac.in
563,Rani Channamma University,Karnataka,2(f) & 12B,D5,general,www.rcub.ac.in
406,Tumkur University,Karnataka,2(f) & 12B,D5,general,http://www.tumkuruniversity.ac.in
919,University of Agricultural Sciences,Karnataka,2(f) & 12B,D3,already loaded,
409,University of Agricultural Sciences Banglore,Karnataka,2(f) & 12B,D3,already loaded,http://www.uasbangalore.edu.in
410,University of Agricultural Sciences Dharwad,Karnataka,2(f) & 12B,D3,already loaded,http://www.uasd.edu
1404,"University of Agricultural Sciences, Mandya",Karnataka,2(f),D3b,state agricultural university not on ICAR's page; lead loads it,https://uasmandya.co.in/
816,University of Horticultural Sciences,Karnataka,2(f),D3,already loaded,https://www.uhsbagalkot.edu.in
1208,University of Visvesvaraya College of Engineering,Karnataka,2(f),D2,technical,https://uvce.ac.in/
422,Vesveswaraiah Technological University,Karnataka,2(f) & 12B,D2,technical,http://www.vtu.ac.in
564,Vijayanagara Sri Krishnadevaraya University,Karnataka,2(f) & 12B,D5,general,http://www.vskub.ac.in
814,A.P.J. Abdul Kalam Technological University,Kerala,2(f),D2,technical,https://ktu.edu.in/
218,Calicut University,Kerala,2(f) & 12B,D5,general,http://www.uoc.ac.in
227,Cochin Unviersity of Science & Technology,Kerala,2(f) & 12B,D2,technical,https://www.cusat.ac.in
285,Kannur University,Kerala,2(f) & 12B,D5,general,http://www.kannuruiversity.ac.in
292,Kerala Agricultural Unviersity,Kerala,2(f) & 12B,D3,already loaded,http://www.kau.edu
291,Kerala University,Kerala,2(f) & 12B,D5,general,http://www.keralauniversity.edu
1150,Kerala University of Digital Sciences Innovation and Technology,Kerala,2(f),D2,technical,https://duk.ac.in/
565,Kerala University of Fisheries & Ocean Studies,Kerala,2(f) & 12B,D3,already loaded,www.kufos.ac.in
567,Kerala University of Health Sciences,Kerala,2(f),D4,health / AYUSH,http://www.kuhs.ac.in
566,Kerala Veterinary & Animal Sciences University,Kerala,2(f),D3,already loaded,https://www.kvasu.ac.in/
321,Mahatma Gandhi Unversity,Kerala,2(f) & 12B,D5,general,http://www.mgu.ac.in
338,National University of Advanced Legal Studies (NUALS),Kerala,2(f) & 12B,D1,already loaded,http://www.nuals.ac.in
379,Shree Sankaracharaya University of Sanskrit,Kerala,2(f) & 12B,D5,general,http://www.ssus.ac.in
1086,Sree Narayanguru Open University,Kerala,2(f),I1,open university (G9),
714,Thunchath Ezhuthachan Malayalam University,Kerala,2(f) & 12B,D5,general,http://malayalamuniversity.edu.in/en/
1069,University of Ladakh,Ladakh,2(f),D5,general,https://uol.ac.in/
667,Atal Bihari Vajpayee Hindi Vishwavidyalaya,Madhya Pradesh,2(f),D5,general,http://www.abvhv.edu.in
199,Awadesh Pratap Singh University,Madhya Pradesh,2(f) & 12B,D5,general,http://www.apsurewa.nic.in
204,Barkatullaah University,Madhya Pradesh,2(f) & 12B,D5,general,http://www.bubhopal.nic.in
231,Devi Ahilya Vishwavidyalaya,Madhya Pradesh,2(f) & 12B,D5,general,http://www.dauniv.ac.in
973,Dharmashastra National Law University,Madhya Pradesh,2(f),D1,already loaded,https://www.mpdnlu.ac.in/
829,Dr. B. R. Ambedkar University of Social Sciences,Madhya Pradesh,2(f) & 12B,D5,general,https://brauss.in/
274,Jawaharlal Nehru Krishi Vishwavidyalaya,Madhya Pradesh,2(f) & 12B,D3,already loaded,http://www.jnkvv.nic.in
278,Jiwaji University,Madhya Pradesh,2(f) & 12B,D5,general,http://www.jiwaji.edu
1341,Krantisurya Tantya Bhil Vishwavidyalaya,Madhya Pradesh,2(f),D5,general,http://ktbuniv.ac.in/
1360,Krantivir Tatya Tope Vishwavidyalaya,Madhya Pradesh,2(f),D5,general,https://kttv.edu.in/
307,M.P.Bhoj (open) University,Madhya Pradesh,2(f) & 12B,I1,open university (G9),http://www.bhojvirtualuniversity.com
1238,Madhya Pradesh Medical Science University,Madhya Pradesh,2(f),D4,health / AYUSH,https://mpmsu.edu.in/
812,Maharaja Chhatrasal Bundelkhand Vishwavidyalaya,Madhya Pradesh,2(f) & 12B,D5,general,https://mcbu.ac.in/
311,Maharshi Panini Sanskrit Evam Vedic Vishwavidyalaya,Madhya Pradesh,2(f),D5,general,http://http://mpsvvujjain.org
305,Mahatma Gandhi Chitrakoot Gramodaya Vishwavidyalaya,Madhya Pradesh,2(f) & 12B,D5,general,https://gramodayachitrakoot.ac.in/
323,Makhanlal Chaturvedi National University of Journalism & Communication,Madhya Pradesh,2(f) & 12B,D5,general,http://www.mcu.ac.in/
568,Nanaji Deshmukh Pashu Chikitsa Vigyan Vishwavidyalaya,Madhya Pradesh,2(f),D3,already loaded,http://www.ndvsu.org/
335,National Law Institute University,Madhya Pradesh,2(f) & 12B,D1,already loaded,http://www.nliu.ac.in
935,Pandit S N Shukla University,Madhya Pradesh,2(f) & 12B,D5,general,https://ptsnsuniversity.ac.in/
679,Raja Mansingh Tomar Music & Arts University,Madhya Pradesh,2(f) & 12B,D6,music / arts,http://rmtmusicandartsuniversity.com/
1046,"Raja Shankar Shah University, Chhindwara",Madhya Pradesh,2(f),D5,general,http://cuc.ac.in/
363,Rajiv Gandhi Prodoyogiki Vishwavidyalaya,Madhya Pradesh,2(f) & 12B,D5,general,https://www.rgpv.ac.in/
656,Rajmata Vijayaraje Scindia Krishi Vishwa Vidyalaya,Madhya Pradesh,2(f),D3,already loaded,
1338,Rani Awantibai Lodhi Vishwavidyalaya,Madhya Pradesh,2(f),D5,general,https://ralvv.mponline.gov.in/
366,Rani Durgavati Vishwavidyalaya,Madhya Pradesh,2(f) & 12B,D5,general,http://www.rdunijbpin.org
806,Sanchi University of Buddhist-Indic Studies,Madhya Pradesh,2(f) & 12B,D5,general,http://www.sanchiuniv.edu.in
424,Vikram University,Madhya Pradesh,2(f) & 12B,D5,general,http://vikramuniv.ac.in/
1204,COEP Technological University,Maharashtra,2(f),D2,technical,https://www.coeptech.ac.in/
238,Dr. Babasaheb Ambedkar Marathwada University,Maharashtra,2(f) & 12B,D5,general,http://www.bamu.net
240,Dr. Babasaheb AmbedkarTechnological University,Maharashtra,2(f) & 12B,D2,technical,http://www.dbatu.ac.in
1040,Dr. Homi Bhabha State University,Maharashtra,2(f),D5,general,https://www.hbsu.ac.in/
241,Dr. Punjabrao Deshmukh Krishi Vidyapeeth,Maharashtra,2(f) & 12B,D3,already loaded,http://www.pdkv.mah.nic.in
657,Gondwana University,Maharashtra,2(f) & 12B,D5,general,"www.gondwana.digitaluniversity.org, www.gondwanauniversity.org"
1119,Hyderabad (SIND) National Collegiate University,Maharashtra,2(f),D5,general,https://www.hsncu.edu.in/
1116,"International Sports University, Maharashtra",Maharashtra,2(f),D6,sports,
1247,Karmaveer Bhaurao Patil University,Maharashtra,2(f),D5,general,https://www.unikbp.ac.in/
342,Kavayitri Bahinabai Chadhari North Maharashtra University,Maharashtra,2(f) & 12B,D5,general,http://www.nmu.ac.in
290,Kavi Kulguru Kalidas Sanskrit Vishwavidyalaya,Maharashtra,2(f) & 12B,D5,general,"http://www.sanskrituni.digitaluniversity.ac, www.kksu.org"
295,Konkan Krishi Vidyapeeth,Maharashtra,2(f) & 12B,D3,already loaded,http://www.dbskkv.org
1291,Laxminarayan Innovation Technological (LIT) University,Maharashtra,2(f),D2,technical,https://litu.edu.in/
312,Maharahtra University of Health Sciences,Maharashtra,2(f),D4,health / AYUSH,http://www.muhsnashik.com
315,Maharashtra Animal & Fishery Sciences University,Maharashtra,2(f),D3,already loaded,http://www.mafsu.in
1193,"Maharashtra National Law University, Aurangabad",Maharashtra,2(f),D1,already loaded,https://www.mnlua.ac.in/
824,"Maharashtra National Law University, Mumbai",Maharashtra,2(f),D1,already loaded,https://mnlumumbai.edu.in/
885,"Maharashtra National Law University, Nagpur",Maharashtra,2(f) & 12B,D1,already loaded,https://www.nlunagpur.ac.in/
1184,Maharashtra State Skills University,Maharashtra,2(f),D5,general,https://mssu.ac.in
322,Mahatma Phule Krishi Vidyapeeth,Maharashtra,2(f) & 12B,D3,already loaded,http://www.mpkv.mah.nic.in
1428,"Marathi Bhasha Vidyapeeth, Riddhapur, Amravati",Maharashtra,2(f),D5,general,Null
326,Marathwada Agricultural University,Maharashtra,2(f) & 12B,D3,already loaded,https://www.vnmkv.ac.in/
330,Mumbai University,Maharashtra,2(f) & 12B,D5,general,http://www.mu.ac.in
386,Punyashlok Ahilyadevi Holkar Solapur University,Maharashtra,2(f) & 12B,D5,general,http://su.digitaluniversity.ac/
404,Rashtrasant Tukadoji Maharaj Nagpur University,Maharashtra,2(f) & 12B,D5,general,https://nagpuruniversity.ac.in/
371,Sant Gadge Baba Amravati University,Maharashtra,2(f) & 12B,D5,general,http://www.sgbau.ac.in
352,Savitribai Phule Pune University,Maharashtra,2(f) & 12B,D5,general,http://www.unipune.ac.in
378,Shivaji University,Maharashtra,2(f) & 12B,D5,general,http://www.unishivaji.ac.in
385,Smt. Nathibai Damodar Thackersey Women's University,Maharashtra,2(f) & 12B,D6,women's,http://www.sndt.ac.in
392,Swami Ramanand Teerth Marathwada University,Maharashtra,2(f) & 12B,D5,general,http://www.srtmun.org
1432,Warana University,Maharashtra,2(f),D5,general,https://waranauniversity.org/
426,Yashwant Rao Chavan Maharashtra Open University,Maharashtra,2(f) & 12B,I1,open university (G9),https://www.ycmou.ac.in/
986,Dhanamanjuri University,Manipur,2(f),D5,general,www.dmu.ac.in
906,Manipur Technical University,Manipur,2(f),D2,technical,http://www.mtu.ac.in
923,Manipur University of Culture,Manipur,2(f),D5,general,http://www.muc.ac.in
1329,Captain Williamson Sangma State University,Meghalaya,2(f),D5,general,Null
1260,The National Law University of Meghalaya,Meghalaya,2(f),D1,already loaded,https://www.nlumeg.ac.in/
206,Berhampur University,Odisha,2(f) & 12B,D5,general,https://www.buodisha.edu.in/
213,Biju Patnaik University of Technology,Odisha,2(f),D2,technical,https://www.bput.ac.in/
1359,Dharanidhar University,Odisha,2(f),D5,general,https://dduniversity.ac.in/
247,Fakir Mohan University,Odisha,2(f) & 12B,D5,general,https://fmuniversity.nic.in/
854,Gangadhar Meher University,Odisha,2(f) & 12B,D5,general,http://www.gmuniversity.ac.in/
864,International Institute of Information Technology (IIIT),Odisha,2(f),D2,technical,https://www.iiit-bh.ac.in
850,Khallikote Unitary University,Odisha,2(f),D5,general,https://kuu.ac.in/
1120,Maa Manikeshwari University (Formerly Kalahandi University),Odisha,2(f),D5,general,https://kalahandiuniversity.ac.in/
1129,Madhusudan Law University,Odisha,2(f),D1,already loaded,https://mlu.ac.in/
710,Maharaja Sriram Chandra Bhanja Deo University(Earlier North Orissa University),Odisha,2(f) & 12B,D5,general,http://www.nou.nic.in
496,National Law University,Odisha,2(f) & 12B,D1,already loaded,http://www.nluo.ac.in
1303,Odia University,Odisha,2(f),D5,general,https://odiauniversity.ac.in/
920,Odisha State Open University,Odisha,2(f),I1,open university (G9),https://www.osou.ac.in/
344,Odisha University Of Agriculture & Technology,Odisha,2(f) & 12B,D3,already loaded,https://ouat.ac.in/
1219,Odisha University of Health Sciences,Odisha,2(f),D4,health / AYUSH,https://www.ouhs.ac.in/
1148,Odisha University of Technology and Research,Odisha,2(f),D2,technical,https://www.cet.edu.in/
1115,Rajendra University,Odisha,2(f),D5,general,https://rajendrauniversity.ac.in/
857,Rama Devi Women's University,Odisha,2(f) & 12B,D6,women's,https://rdwu.ac.in/
367,Ravenshaw University,Odisha,2(f) & 12B,D5,general,https://ravenshawuniversity.ac.in/
369,Sambalpur University,Odisha,2(f) & 12B,D5,general,https://www.suniv.ac.in/
381,Shri Jagannath Sanskrit Vishwavidyalaya,Odisha,2(f) & 12B,D5,general,http://www.sjsv.nic.in
413,Utkal University,Odisha,2(f) & 12B,D5,general,http://www.utkaluniversity.ac.in
414,Utkal University of Culture,Odisha,2(f),D5,general,http://www.uuc.ac.in
944,Veer Surendra Sai Institute of Medical Science and Research,Odisha,2(f) & 12B,D4,health / AYUSH,http://www.vimsar.ac.in/
421,Veer Surendra Sai University of Technology,Odisha,2(f) & 12B,D2,technical,http://www.vssut.ac.in
1378,"Vikram Dev University, Jeypore",Odisha,2(f),D5,general,https://www.vikramdevuniversity.ac.in/
1165,Puducherry Technological University,Puducherry,2(f),D2,technical,https://www.ptuniv.edu.in/
200,Baba Farid University of Health Sciences,Punjab,2(f) & 12B,D4,health / AYUSH,http://www.bfuhs.ac.in
259,Guru Angad Dev Veterinary & Animal Sciences University,Punjab,2(f) & 12B,D3,already loaded,http://www.gadvasu.in
261,Guru Nanak Dev University,Punjab,2(f) & 12B,D5,general,https://www.gndu.ac.in
658,Guru Ravidas Ayurved University,Punjab,2(f),D4,health / AYUSH,https://graupunjab.org/
354,I.K. Gujaral Punjab Technical University,Punjab,2(f),D2,technical,https://ptu.ac.in/
1074,Jagat Guru Nanak Dev Punjab State Open University,Punjab,2(f) & 12B,I1,open university (G9),https://psou.ac.in/
811,Maharaja Ranjit Singh Punjab Technical University,Punjab,2(f) & 12B,D2,technical,https://mrsptu.ac.in/
353,Punjab Agriculture University,Punjab,2(f) & 12B,D3,already loaded,https://www.pau.edu/
355,Punjabi University,Punjab,2(f) & 12B,D5,general,http://www.punjabiuniversity.ac.in/
1180,Sardar Beant Singh State University,Punjab,2(f),D5,general,http://www.sbssugsp.ac.in/
1142,Shaheed Bhagat Singh State University,Punjab,2(f),D5,general,https://sbssu.ac.in/
1077,Sri Guru Teg Bahadur State University of Law,Punjab,2(f),D1,already loaded,
1024,The Maharaja Bhupinder Singh Punjab Sports University,Punjab,2(f),D6,sports,https://mbspsu.ac.in/en/
403,The Rajiv Gandhi National University of Law,Punjab,2(f) & 12B,D1,already loaded,http://www.rgnul.ac.in
1163,Agriculture University,Rajasthan,2(f),D3,already loaded,https://www.aujodhpur.ac.in/
1381,Agriculture University,Rajasthan,2(f),D3,already loaded,https://aukota.org/
1292,Baba Amte Divyang University,Rajasthan,2(f),D5,general,https://amtedivyanguniversity.ac.in/
1005,Bikaner Technical University,Rajasthan,2(f),D2,technical,https://btu.ac.in/
1056,Dr. Bhimrao Ambedkar Law University,Rajasthan,2(f),D1,already loaded,https://www.alujaipur.ac.in/
848,Govind Guru Tribal University,Rajasthan,2(f),D5,general,https://www.ggtu.ac.in/
1065,Haridev Joshi University of Journalism and Mass Communication,Rajasthan,2(f),D5,general,https://hju.ac.in/
270,Jagadguru Ramanandacharya Sanskrit University,Rajasthan,2(f) & 12B,D5,general,http://www.jrrsanskrituniversity.ac.in
271,Jai Narain Vyas University,Rajasthan,2(f) & 12B,D5,general,http://www.jnvu.co.in/
1239,M.B.M. University,Rajasthan,2(f),D5,general,https://www.mbm.ac.in/
569,Maharaja Ganga Singh University,Rajasthan,2(f) & 12B,D5,general,https://mgsubikaner.ac.in/
820,Maharaja Surajmal Brij University,Rajasthan,2(f),D5,general,https://msbrijuniversity.ac.in/
314,Maharana Pratap University of Agriculture & Technology,Rajasthan,2(f),D3,already loaded,http://www.mpuat.ac.in
316,Maharshi Dayanand Saraswati University,Rajasthan,2(f) & 12B,D5,general,http://mdsuajmer.ac.in/
1420,Mahatma Gandhi Divyang University,Rajasthan,2(f),D5,general,Null
1333,Marwar Medical University,Rajasthan,2(f),D4,health / AYUSH,Null
328,Mohanlal Sukhadia University,Rajasthan,2(f) & 12B,D5,general,http://www.mlsu.ac.in
337,National Law University,Rajasthan,2(f) & 12B,D1,already loaded,http://www.nlujodhpur.ac.in
735,Pandit Deendayal Upadhyaya Shekhawati University,Rajasthan,2(f),D5,general,https://shekhauni.ac.in/
795,Raj Rishi Bhartrihari Matsya University,Rajasthan,2(f),D5,general,https://www.rrbmuniv.ac.in/
359,Rajasthan Technical University,Rajasthan,2(f),D2,technical,http://www.rtu.ac.in
360,Rajasthan University,Rajasthan,2(f) & 12B,D5,general,https://www.uniraj.ac.in/
361,Rajasthan University of Health Sciences,Rajasthan,2(f) & 12B,D4,health / AYUSH,http://www.ruhsraj.org
681,Rajasthan University of Veterinary & Animal Sciences,Rajasthan,2(f) & 12B,D3,already loaded,https://rajuvas.org/
694,"Sardar Patel University of Police, Security & Criminal Justice",Rajasthan,2(f),D5,general,http://www.policeuniversity.ac.in
1365,Sri Karan Narendra Agriculture University,Rajasthan,2(f),D3,already loaded,https://sknau.ac.in/
357,Swami Keshwanand Rajasthan Agricultural University,Rajasthan,2(f) & 12B,D3,already loaded,http://www.raubikaner.org
358,THe Dr. Sarvepalli Radhakrishnan Rajasthan Ayurved University,Rajasthan,2(f),D4,health / AYUSH,https://dsrrauexam.org/
1418,The Rajasthan University of Veterinary and Animal Sciences (Jobner) Jaipur,Rajasthan,2(f),D3,already loaded,https://rajuvas.ac.in/
412,University of Kota,Rajasthan,2(f) & 12B,D5,general,https://www.uok.ac.in/
418,Vardhman Mahaveer Open University,Rajasthan,2(f) & 12B,I1,open university (G9),http://www.vmou.ac.in
931,Vishvakarma Skills University,Rajasthan,2(f),D5,general,https://vsuraj.ac.in/
1000,Khangchendzonga State University (Formerly Sikkim State University),Sikkim,2(f),D5,general,https://www.ksus.ac.in/
1128,Sikkim National Law University,Sikkim,2(f),D1,already loaded,
188,Alagappa University,Tamil Nadu,2(f) & 12B,D5,general,https://www.alagappauniversity.ac.in/
193,Anna University,Tamil Nadu,2(f) & 12B,D5,general,http://www.annauniv.edu
197,Annamalai University,Tamil Nadu,2(f) & 12B,D5,general,http://www.annamalaiuniversity.ac.in
208,Bharathiar University,Tamil Nadu,2(f) & 12B,D5,general,http://www.b-u.ac.in
209,Bharathidasan University,Tamil Nadu,2(f) & 12B,D5,general,https://www.bdu.ac.in
308,Madras University,Tamil Nadu,2(f) & 12B,D5,general,http://www.unom.ac.in
309,Madurai Kamraj University,Tamil Nadu,2(f) & 12B,D5,general,https://mkuniversity.ac.in/
325,Manonmaniam Sundarnar University,Tamil Nadu,2(f) & 12B,D5,general,https://www.msuniv.ac.in/
329,Mother Teresa Women's University,Tamil Nadu,2(f) & 12B,D6,women's,https://www.motherteresawomenuniv.ac.in/
347,Periyar University,Tamil Nadu,2(f) & 12B,D5,general,http://periyaruniversity.ac.in
711,Tamil Nadu Fisheries University,Tamil Nadu,2(f) & 12B,D3,already loaded,http://www.tnfu.org.in/university/wp/
394,Tamil Nadu Open University,Tamil Nadu,2(f) & 12B,I1,open university (G9),https://www.tnou.ac.in
400,Tamil Nadu Physical Education and Sports University,Tamil Nadu,2(f) & 12B,D6,sports,https://www.tnpesu.org
395,Tamil Nadu Teacher Education University,Tamil Nadu,2(f) & 12B,D5,general,http://tnteu.ac.in/
396,Tamil University,Tamil Nadu,2(f) & 12B,D5,general,https://www.tamiluniversity.ac.in
397,Tamilnadu Agricultural University,Tamil Nadu,2(f) & 12B,D3,already loaded,http://www.tnau.ac.in
398,Tamilnadu Dr. Ambedkar Law University,Tamil Nadu,2(f) & 12B,D1,already loaded,https://www.tndalu.ac.in/
399,Tamilnadu Dr. M.G.R.Medical University,Tamil Nadu,2(f) & 12B,D4,health / AYUSH,https://www.tnmgrmu.ac.in/
724,Tamilnadu National Law University,Tamil Nadu,2(f) & 12B,D1,already loaded,https://tnnlu.ac.in/
401,Tamilnadu Veterinary & Animal Sciences University,Tamil Nadu,2(f) & 12B,D3,already loaded,http://www.tanuvas.ac.in
733,The Tamil Nadu Dr.J Jayalalithaa Music and Fine Arts University,Tamil Nadu,2(f),D6,music / arts,https://tnjjmfau.in/
405,Thiruvalluvar University,Tamil Nadu,2(f) & 12B,D5,general,https://www.tvu.edu.in/
236,Dr. B.R.Ambedkar Open University,Telangana,2(f) & 12B,I1,open university (G9),https://www.braou.ac.in
556,Jawaharlal Nehru Architecture and Fine Arts University,Telangana,2(f) & 12B,D6,music / arts,http://jnafau.ac.in
275,Jawaharlal Nehru Technological University,Telangana,2(f) & 12B,D2,technical,http://www.jntuh.ac.in
279,Kakatiya University,Telangana,2(f) & 12B,D5,general,http://www.kakatiya.ac.in
937,Kaloji Narayana Rao University of Health Sciences,Telangana,2(f),D4,health / AYUSH,https://knruhs.telangana.gov.in/
320,Mahatma Gandhi University,Telangana,2(f) & 12B,D5,general,http://www.mguniversity.ac.in
334,National Academy of Legal Studies & Research University,Telangana,2(f) & 12B,D1,already loaded,http://nalsar.ac.in
756,Nizam's Institute of Medical Sciences,Telangana,2(f),D4,health / AYUSH,http://www.nims.edu.in/
345,Osmania University,Telangana,2(f) & 12B,D5,general,https://www.osmania.ac.in/
939,P. V. Narsimha Rao Telangana Veterinary University,Telangana,2(f),D3,already loaded,https://www.tsvu.nic.in
346,Palamuru University,Telangana,2(f) & 12B,D5,general,http://www.palamuruuniversity.ac.in
348,Potti Sreeramulu Telugu University,Telangana,2(f) & 12B,D5,general,http://teluguuniversity.ac.in/
775,Professor Jayashankar Telangana State Agricultural University,Telangana,2(f) & 12B,D3,already loaded,http://www.pjtsau.edu.in
592,Rajiv Gandhi University of Knowledge Technology,Telangana,2(f) & 12B,D2,technical,http://www.rgukt.in/
375,Satavahana University,Telangana,2(f) & 12B,D5,general,http://www.satavahana.ac.in
784,Sri Konda Laxman Telangana State Horticultural University,Telangana,2(f),D3,already loaded,http://skltshu.ac.in/
402,Telangana University,Telangana,2(f) & 12B,D5,general,http://www.telanganauniversity.ac.in
1344,Veeranari Chakali Ilamma Women's University,Telangana,2(f),D6,women's,https://www.oucwkoti.ac.in/
1326,Young India Skills University,Telangana,2(f),D5,general,https://yisu.in/
832,Maharaja Bir Bikram University,Tripura,2(f) & 12B,D5,general,https://mbbuniversity.ac.in/
1203,National Law University Tripura,Tripura,2(f),D1,already loaded,https://www.nlutripura.ac.in
333,Acharya Narendra Deva Krishi Evam Prodyogik Vishwavidyalaya,Uttar Pradesh,2(f) & 12B,D3,already loaded,https://www.nduat.org
1280,Atal Bihari Vajpayee Medical University,Uttar Pradesh,2(f),D4,health / AYUSH,https://abvmuup.edu.in/
890,Banda University of Agriculture & Technology,Uttar Pradesh,2(f),D3,already loaded,http://buat.edu.in/
159,Bhatkhande Sanskriti Vishwavidyalaya,Uttar Pradesh,2(f),D5,general,http://bhatkhandemusic.edu.in/
215,Bundelkhand University,Uttar Pradesh,2(f) & 12B,D5,general,https://www.bujhansi.ac.in/
221,Chandra Shekhar Azad University of Agriculture & Technology,Uttar Pradesh,2(f) & 12B,D3,already loaded,http://www.csauk.ac.in
226,Chaudhary Charan Singh University,Uttar Pradesh,2(f) & 12B,D5,general,https://www.ccsuniversity.ac.in/
222,Chhatrapati Shahu Ji Maharaj University,Uttar Pradesh,2(f) & 12B,D5,general,http://csjmu.ac.in/
230,Deen Dayal Upadhyay Gorakhpur University,Uttar Pradesh,2(f) & 12B,D5,general,http://www.ddugu.edu.in
415,Dr. A.P.J. Abdul Kalam Technical University,Uttar Pradesh,2(f) & 12B,D2,technical,https://aktu.ac.in/
237,Dr. B.R. Ambedkar University,Uttar Pradesh,2(f) & 12B,D5,general,https://dbrau.ac.in/
1322,Dr. Rajendra Prasad National Law University,Uttar Pradesh,2(f),D1,already loaded,https://www.rpnlup.ac.in/
242,Dr. Ram Manohar Lohia Awadh University,Uttar Pradesh,2(f) & 12B,D5,general,http://www.rmlau.ac.in
1021,Dr. Ram Manohar Lohia Institute of Medical Sciences,Uttar Pradesh,2(f),D4,health / AYUSH,https://www.drrmlims.ac.in/
243,Dr. Ram Manohar Lohiya National Law University,Uttar Pradesh,2(f) & 12B,D1,already loaded,http://www.rmlau.ac.in/
244,Dr. Shakuntala Misra National Rehabilitation University,Uttar Pradesh,2(f) & 12B,D5,general,https://dsmru.up.nic.in/
251,Gautam Buddha University,Uttar Pradesh,2(f) & 12B,D5,general,https://www.gbu.ac.in/
1345,Guru Jambheshwar University,Uttar Pradesh,2(f),D5,general,NULL
876,Harcourt Butler Technical University,Uttar Pradesh,2(f) & 12B,D2,technical,https://hbtu.ac.in/
469,Jagadguru Rambhadracharya Divyang State University,Uttar Pradesh,2(f),D5,general,http://www.jrdu.ac.in
908,Jananayak Chandrashekhar University,Uttar Pradesh,2(f),D5,general,https://jncu.ac.in/
1450,Kashi Naresh University,Uttar Pradesh,2(f),D5,general,https://knub.ac.in/
573,Khwaja Moinuddin Chishti Language University,Uttar Pradesh,2(f) & 12B,D5,general,https://kmclu.ac.in/
293,King Georges Medical University,Uttar Pradesh,2(f) & 12B,D4,health / AYUSH,http://www.kgmcindia.edu
1350,Maa Pateswari University,Uttar Pradesh,2(f),D5,general,https://mpublp.ac.in/
1179,Maa Shakumbhari University,Uttar Pradesh,2(f),D5,general,
1351,Maa Vindhyavasini University,Uttar Pradesh,2(f),D5,general,https://mvvu.ac.in/
747,Madan Mohan Malaviya University of Technology,Uttar Pradesh,2(f) & 12B,D2,technical,http://www.mmmut.ac.in
1253,Maharaja Suhel Dev State University,Uttar Pradesh,2(f),D5,general,https://msdsu.ac.in/
319,Mahatam Gandhi Kashi Vidyapeeth,Uttar Pradesh,2(f) & 12B,D5,general,http://www.mgkvp.ac.in
306,Mahatma Jyotiba Phule Rohilkhand University,Uttar Pradesh,2(f) & 12B,D5,general,https://www.mjpru.ac.in/
1349,Major Dhyanchand Sports University,Uttar Pradesh,2(f),D6,sports,https://www.sportsuniup.com/
859,Prof. Rajendra Singh (Rajju Bhaiya) University (Formerly Allahabad State University),Uttar Pradesh,2(f),D5,general,https://prsuniv.ac.in/
1240,Raja Mahendra Pratap Singh State University,Uttar Pradesh,2(f),D5,general,https://rmpssu.ac.in/
370,Sampurnanand Sanskrit Vishwavidyalaya,Uttar Pradesh,2(f) & 12B,D5,general,https://www.ssvv.ac.in/
373,Sardar Vallabh Bhai Patel University of Agriculture & Technology,Uttar Pradesh,2(f),D3,already loaded,http://www.svbpmeerut.ac.in
851,Siddharth University,Uttar Pradesh,2(f),D5,general,https://www.suksn.edu.in/
1443,"Swami Shukdevanand University, Shahjahanpur",Uttar Pradesh,2(f),D5,general,https://www.ssuniversity.ac.in/
764,U.P. Pandit Deen Dayal Upadhyaya Pashu Chikitsa Vigyan Vishwavidhyalaya Evam Go-Anusandhan Sansthan,Uttar Pradesh,2(f),D3,already loaded,http://www.upvetuniv.edu.in
408,U.P. Rajarshi Tandon Open University,Uttar Pradesh,2(f) & 12B,I1,open university (G9),http://www.uprtou.ac.in/
407,U.P.King George's University of Dental Sciences,Uttar Pradesh,2(f),D4,health / AYUSH,http://www.kgmcindia.edu/
304,University of Lucknow,Uttar Pradesh,2(f) & 12B,D5,general,http://www.lkouniv.ac.in
900,Uttar Pradesh University of Medical Sciences,Uttar Pradesh,2(f),D4,health / AYUSH,https://www.upums.ac.in
419,Veer Bahadur Singh Purvanchal University,Uttar Pradesh,2(f) & 12B,D5,general,http://www.vbspu.ac.in/index
234,Doon University,Uttarakhand,2(f) & 12B,D5,general,http://www.gov.ua.nic.in/doonuniversity
248,G.B.Pant University of Agriculture & Technology,Uttarakhand,2(f) & 12B,D3,already loaded,http://www.gbpuat.ac.in
734,Hemvati Nandan Bahuguna Medical Education University,Uttarakhand,2(f),D4,health / AYUSH,
299,Kumaun University,Uttarakhand,2(f) & 12B,D5,general,http://www.kunainital.ac.in
1078,Soban Singh Jeena University,Uttarakhand,2(f),D5,general,
712,Sri Dev Suman Uttarakhand Vishwavidyalaya,Uttarakhand,2(f),D5,general,http://sdsuv.ac.in/
725,Uttarakhand Ayurved University,Uttarakhand,2(f),D4,health / AYUSH,http://www.uau.ac.in
576,Uttarakhand Open University,Uttarakhand,2(f) & 12B,I1,open university (G9),http://www.uou.ac.in
416,Uttarakhand Sanskrit University,Uttarakhand,2(f) & 12B,D5,general,https://www.usvv.ac.in
1372,Uttarakhand State Sports University,Uttarakhand,2(f),D6,sports,NA
417,Uttarakhand Technical University,Uttarakhand,2(f),D2,technical,http://www.uktech.ac.in
741,Veer Chandra Singh Garhwali Uttarakhand University of Horticulture & Forestry,Uttarakhand,2(f),D3,already loaded,https://www.uuhf.ac.in/
189,Aliah University,West Bengal,2(f) & 12B,D5,general,http://www.aliah.ac.in
1096,Alipurduar University,West Bengal,2(f),D5,general,
804,Bankura University,West Bengal,2(f) & 12B,D5,general,https://bankurauniv.ac.in/
212,Bidhan Chandra Krishi Vishwavidyalaya,West Bengal,2(f) & 12B,D3,already loaded,http://www.bckv.edu.in
1183,Biswa Bangla Biswabidyalay,West Bengal,2(f),D5,general,https://www.biswabanglabiswabidyalay.org/
216,Burdwan University,West Bengal,2(f) & 12B,D5,general,https://www.buruniv.ac.in
217,Calcutta University,West Bengal,2(f) & 12B,D5,general,http://www.caluniv.ac.in
778,Cooch Behar Panchanan Barma University,West Bengal,2(f),D5,general,http://cbpbu.ac.in/
1139,Dakshin Dinajpur University,West Bengal,2(f),D5,general,
1182,Darjeeling Hills University,West Bengal,2(f),D5,general,
797,Diamond Harbour Women's University,West Bengal,2(f) & 12B,D6,women's,http://www.dhwu.ac.in
1107,Harichand Guruchand University,West Bengal,2(f),D5,general,https://harichandguruchanduniversity.com/
1095,Hindi University,West Bengal,2(f),D5,general,https://www.hindiuniv.ac.in/
269,Jadavpur University,West Bengal,2(f) & 12B,D5,general,https://www.jadavpuruniversity.in
280,Kalyani University,West Bengal,2(f) & 12B,D5,general,http://www.klyuniv.ac.in
1087,Kanyashree University,West Bengal,2(f),D5,general,https://www.kanyashreeuniversity.in/
726,Kazi Nazrul University,West Bengal,2(f) & 12B,D5,general,http://www.knu.ac.in
1276,Mahatma Gandhi University,West Bengal,2(f),D5,general,https://www.mguwb.org.in/
488,Maulana Abul Kalam Azad University of Technology,West Bengal,2(f) & 12B,D2,technical,https://makautwb.ac.in/
1122,Murshidabad University,West Bengal,2(f),D5,general,
339,Netaji Subhas Open University,West Bengal,2(f) & 12B,I1,open university (G9),https://www.wbnsou.ac.in/
574,Presidency University,West Bengal,2(f) & 12B,D5,general,http://www.presiuniv.ac.in
356,Rabindra Bharati University,West Bengal,2(f) & 12B,D5,general,http://www.rbu.ac.in
895,Raiganj University,West Bengal,2(f) & 12B,D5,general,http://raiganjuniversity.ac.in/
1083,Rani Rashmoni Green University(formerly West Bengal Green University.),West Bengal,2(f),D5,general,http://rrgu.org/
1110,Sadhu Ram Chand Murmu University of Jhargram( formerly Jhargram University),West Bengal,2(f),D5,general,
575,Sidho-Kanho-Birsha University,West Bengal,2(f) & 12B,D5,general,http://www.skbu.ac.in
494,The Bengal Engineering & Science University,West Bengal,2(f),D2,technical,http://www.becs.ac.in
852,The Sanskrit College and University,West Bengal,2(f),D5,general,https://www.sanskritcollegeanduniversity.org.in/
493,The West Bengal National University of Juridical Science,West Bengal,2(f) & 12B,D1,already loaded,http://www.nujs.edu
492,The West Bengal University of Health Sciences,West Bengal,2(f) & 12B,D4,health / AYUSH,https://wbuhs.ac.in/
250,University of Gour Banga,West Bengal,2(f) & 12B,D5,general,http://www.ugb.ac.in
341,University of North Bengal,West Bengal,2(f) & 12B,D5,general,http://www.nbu.ac.in
491,Uttar Banga Krishi Vishwavidyalaya,West Bengal,2(f),D3,already loaded,https://www.ubkv.ac.in/
490,Vidya Sagar University,West Bengal,2(f) & 12B,D5,general,http://www.vidyasagar.ac.in/
487,West Bengal State University,West Bengal,2(f) & 12B,D5,general,http://www.wbsubregistration.org
489,West Bengal University of Animal and Fishery Sciences,West Bengal,2(f) & 12B,D3,already loaded,http://wbuafscl.ac.in
805,"West Bengal University of Teachers, Training, Education Planning and Administration",West Bengal,2(f),D5,general,https://www.wbuttepa.ac.in/
