key,action,confidence,status,source_id,source_name,source_city,target_id,target_name,target_city,group_code,family_slug,ownership,reason
merge:52,merge,high,ready,52,Christ University Bangalore,Bengaluru,73,Christ University,Bangalore,,,,same name after removing noise (city_suffix + exact): 'christ university'
merge:8,merge,high,ready,8,CMI Chennai,Chennai,56,Chennai Mathematical Institute,Chennai,,,,'CMI' is the initials of 'Chennai Mathematical Institute'
merge:125,merge,high,ready,125,FMS Delhi,New Delhi,83,"Faculty of Management Studies (FMS), University of Delhi",Delhi,,,,same name after removing noise (abbreviation + city_suffix): 'fms'
merge:223,merge,high,ready,223,Government Law College Mumbai,Mumbai,176,Government Law College,Mumbai,,,,same name after removing noise (city_suffix + exact): 'government law college'
merge:174,merge,high,ready,174,Gujarat National Law University (GNLU),Gandhinagar,220,Gujarat National Law University,Gandhinagar,,,,same name after removing noise (acronym_in_brackets + exact): 'gujarat national law university'
merge:18,merge,high,ready,18,ICAI (Institute of Chartered Accountants of India),New Delhi,67,Institute of Chartered Accountants of India (ICAI),New Delhi,,,,same name after removing noise (acronym_in_brackets + expansion_in_brackets): 'institute of chartered accountants of india'
merge:262,merge,high,ready,262,IGIDR Mumbai,Mumbai,196,Indira Gandhi Institute of Development Research (IGIDR),Mumbai,,,,same name after removing noise (abbreviation + city_suffix): 'igidr'
merge:439,merge,high,ready,439,IIIT Bangalore,Bangalore,376,International Institute of Information Technology Bangalore,Bangalore,,,,'IIIT' is the initials of 'International Institute of Information Technology Bangalore'
merge:143,merge,high,ready,143,Indian School of Business (ISB),Hyderabad,371,Indian School of Business,Hyderabad,,,,same name after removing noise (acronym_in_brackets + exact): 'indian school of business'
merge:47,merge,high,ready,47,ISB Hyderabad,Hyderabad,371,Indian School of Business,Hyderabad,,,,'ISB' is the initials of 'Indian School of Business'
merge:241,merge,high,ready,241,Loyola College Chennai,Chennai,70,Loyola College,Chennai,,,,same name after removing noise (city_suffix + exact): 'loyola college'
merge:36,merge,high,ready,36,MICA Ahmedabad,Ahmedabad,149,MICA,Ahmedabad,,,,same name after removing noise (city_suffix + exact): 'mica'
merge:106,merge,high,ready,106,MIT Institute of Design Pune,Pune,426,MIT Institute of Design,Pune,,,,same name after removing noise (city_suffix + exact): 'mit institute of design'
merge:150,merge,high,ready,150,Mudra Institute of Communications (MICA),Ahmedabad,149,MICA,Ahmedabad,,,,same name after removing noise (abbreviation + exact): 'mica'
merge:170,merge,high,ready,170,National Law School of India University (NLSIU),Bangalore,389,National Law School of India University,Bangalore,,,,same name after removing noise (acronym_in_brackets + exact): 'national law school of india university'
merge:172,merge,high,ready,172,National Law University (NLU) Delhi,New Delhi,218,National Law University Delhi,New Delhi,,,,same name after removing noise (acronym_in_brackets + city_suffix): 'national law university'
merge:219,merge,high,ready,219,NUJS Kolkata,Kolkata,173,West Bengal National University of Juridical Sciences (NUJS),Kolkata,,,,same name after removing noise (abbreviation + city_suffix): 'nujs'
merge:476,merge,high,ready,476,Punjab Agricultural University (PAU),Ludhiana,342,Punjab Agricultural University,Ludhiana,,,,same name after removing noise (acronym_in_brackets + exact): 'punjab agricultural university'
merge:203,merge,high,ready,203,Sir J.J. College of Architecture,Mumbai,110,Sir JJ College of Architecture,Mumbai,,,,same name after removing noise (exact): 'sir jj college of architecture'
merge:46,merge,high,ready,46,SP Jain,Mumbai,38,SP Jain Mumbai,Mumbai,,,,same name after removing noise (city_suffix + exact): 'sp jain'
merge:425,merge,high,ready,425,"Srishti Manipal Institute of Art, Design and Technology",Bengaluru,105,Srishti Manipal Institute of Art Design and Technology,Bengaluru,,,,same name after removing noise (exact): 'srishti manipal institute of art design and technology'
merge:17,merge,high,ready,17,SVPNPA Hyderabad (Training),Hyderabad,230,Sardar Vallabhbhai Patel National Police Academy,Hyderabad,,,,'SVPNPA' is the initials of 'Sardar Vallabhbhai Patel National Police Academy'
merge:475,merge,high,ready,475,Tamil Nadu Agricultural University (TNAU),Coimbatore,341,Tamil Nadu Agricultural University,Coimbatore,,,,same name after removing noise (acronym_in_brackets + exact): 'tamil nadu agricultural university'
merge:50,merge,high,ready,50,TISS Mumbai,Mumbai,158,Tata Institute of Social Sciences (TISS),Mumbai,,,,same name after removing noise (abbreviation + city_suffix): 'tiss'
merge:34,merge,high,ready,34,Whistling Woods International Mumbai,Mumbai,424,Whistling Woods International,Mumbai,,,,same name after removing noise (city_suffix + exact): 'whistling woods international'
merge:37,merge,high,ready,37,XLRI Jamshedpur,Jamshedpur,48,XLRI,Jamshedpur,,,,same name after removing noise (city_suffix + exact): 'xlri'
merge:674,merge,medium,ready,674,"Acharya Narendra Deva University of Agriculture & Technology, Kumarganj, Ayodhya",Ayodhya,714,Acharya Narendra Deva University of Agriculture & Technology,Ayodhya,,,,"same name after removing noise (exact + place_suffix): 'acharya narendra deva university of agriculture and technology'; both rows carry a research source_id, so a re-import would bring the merged one back"
merge:688,merge,medium,ready,688,Chaudhary Charan Singh University Meerut,MEERUT,715,Chaudhary Charan Singh University,Meerut,,,,"same name after removing noise (city_suffix + exact): 'chaudhary charan singh university'; both rows carry a research source_id, so a re-import would bring the merged one back"
merge:171,merge,medium,ready,171,National Academy of Legal Studies and Research (NALSAR),Hyderabad,217,NALSAR University of Law,Hyderabad,,,,'National Academy of Legal Studies and Research (NALSAR)' is the start of 'NALSAR University of Law' in the same city
merge:96,merge,medium,ready,96,National Institute of Securities Markets (NISM),Mumbai,380,National Institute of Securities Markets,Navi Mumbai,,,,same name after removing noise (acronym_in_brackets + exact): 'national institute of securities markets'; cities differ (Mumbai / Navi Mumbai)
merge:38,merge,medium,ready,38,SP Jain Mumbai,Mumbai,85,SP Jain Institute of Management and Research,Mumbai,,,,'SP Jain Mumbai' is the start of 'SP Jain Institute of Management and Research' in the same city
merge:48,merge,medium,ready,48,XLRI,Jamshedpur,84,XLRI - Xavier School of Management,Jamshedpur,,,,'XLRI Jamshedpur' is the start of 'XLRI - Xavier School of Management' in the same city
department:62,department,high,blocked: parent not classified yet (re-run after its batch),62,Amity University (Actuarial Science),Noida,131,Amity University,Noida,,,,'Actuarial Science' is a department of 'Amity University' (parent found by exact name)
department:421,department,high,blocked: parent not classified yet (re-run after its batch),421,Christ University - Department of Psychology,Bengaluru,73,Christ University,Bangalore,,,,'Department of Psychology' is a department of 'Christ University' (parent found by exact name)
department:315,department,high,blocked: parent not classified yet (re-run after its batch),315,CMC Vellore (Nursing),Vellore,23,CMC Vellore,Vellore,,,,'Nursing' is a department of 'CMC Vellore' (parent found by exact name)
department:327,department,high,blocked: parent not classified yet (re-run after its batch),327,CMC Vellore (Physiotherapy),Vellore,23,CMC Vellore,Vellore,,,,'Physiotherapy' is a department of 'CMC Vellore' (parent found by exact name)
department:321,department,medium,blocked: parent not classified yet (re-run after its batch),321,BITS Pilani (Pharmacy),Pilani,3,Birla Institute of Technology & Science - Pilani,Pilani,,,,'Pharmacy' is a department of 'Birla Institute of Technology & Science - Pilani' (parent found by short form name)
department:326,department,medium,blocked: parent not classified yet (re-run after its batch),326,KGMU Lucknow (Physiotherapy),Lucknow,720,King George's Medical University,Lucknow,,,,'Physiotherapy' is a department of 'King George's Medical University' (parent found by short form name)
department:616,department,low,blocked: no parent row,616,Anand Institute Of Management (MBA),Bhopal,,,,,,,"'MBA' reads as a department of 'Anand Institute Of Management', which has no row"
department:245,department,low,blocked: no parent row,245,Andhra University (Geology),Visakhapatnam,,,,,,,"'Geology' reads as a department of 'Andhra University', which has no row"
department:256,department,low,blocked: no parent row,256,Berhampur University (Marine Science),Berhampur,,,,,,,"'Marine Science' reads as a department of 'Berhampur University', which has no row"
department:350,department,low,blocked: no parent row,350,Bharati Vidyapeeth (Optometry),Pune,,,,,,,"'Optometry' reads as a department of 'Bharati Vidyapeeth', which has no row"
department:255,department,low,blocked: no parent row,255,Goa University (Marine Science),Goa,,,,,,,"'Marine Science' reads as a department of 'Goa University', which has no row"
department:319,department,low,blocked: no parent row,319,Jamia Hamdard (Pharmacy),New Delhi,,,,,,,"'Pharmacy' reads as a department of 'Jamia Hamdard', which has no row"
family_record:40,family_record,high,ready,40,DIET,Various,,,,G6,teacher_education_govt,state_govt,city 'Various'; the name is a kind of institution (teacher_education_govt)
family_record:263,family_record,high,ready,263,Government Polytechnics (Various States),Various,,,,G9,polytechnic,state_govt,city 'Various'; the name is a kind of institution (polytechnic)
family_record:41,family_record,high,ready,41,State CTEs,Various,,,,G6,teacher_education_govt,state_govt,city 'Various'; the name is a kind of institution (teacher_education_govt)
family_record:94,family_record,medium,ready,94,DOEACC / NIELIT,Various,,,,G3,nielit,central_govt,city 'Various'; the name is a kind of institution (nielit)
family_record:265,family_record,medium,blocked: mixed ownership; classify() needs one value,265,AICTE Approved Polytechnics,Various,,,,G9,polytechnic,,city 'Various'; the name is a kind of institution (polytechnic)
family_record:44,family_record,medium,blocked: a private family record needs a UGC check from its batch,44,Coursera / edX MicroMasters,Online,,,,G9,commercial_mooc,private,city 'Online'; the name is a kind of institution (commercial_mooc)
family_record:264,family_record,medium,blocked: mixed ownership; classify() needs one value,264,ITI (Industrial Training Institutes),Various,,,,G9,iti,,city 'Various'; the name is a kind of institution (iti)
family_record:181,family_record,low,blocked: no family matches the name,181,Arena Animation,Various,,,,,,,"city 'Various'; looks like a brand with many centres, not a family summary"
family_record:287,family_record,low,blocked: no family matches the name,287,Bharatiya Vidya Bhavan,Various,,,,,,,"city 'Various'; looks like a brand with many centres, not a family summary"
family_record:351,family_record,low,blocked: no family matches the name,351,DMLT Colleges (Various),Various,,,,,,,"city 'Various'; one row for many institutions, but its family is unclear"
family_record:182,family_record,low,blocked: no family matches the name,182,Frameboxx Animation and Visual Effects,Various,,,,,,,"city 'Various'; looks like a brand with many centres, not a family summary"
family_record:155,family_record,low,blocked: no family matches the name,155,INIFD,Various,,,,,,,"city 'Various'; looks like a brand with many centres, not a family summary"
family_record:183,family_record,low,blocked: no family matches the name,183,Maya Academy of Advanced Cinematics (MAAC),Various,,,,,,,"city 'Various'; looks like a brand with many centres, not a family summary"
family_record:42,family_record,low,blocked: no family matches the name,42,NCTE Recognised B.Ed Colleges,Various,,,,,,,"city 'Various'; one row for many institutions, but its family is unclear"
